"Symbol","Name","LastSale","MarketCap","ADR TSO","IPOyear","Sector","Industry","Summary Quote",
"FCCY","1st Constitution Bancorp (NJ)","9.23","55298609.86","n/a","n/a","Finance","Savings Institutions","http://www.nasdaq.com/symbol/fccy",
"VNET","21Vianet Group, Inc.","9.36","341517795.84","36486944","n/a","Technology","Computer Software: Programming, Data Processing","http://www.nasdaq.com/symbol/vnet",
"ACAD","ACADIA Pharmaceuticals Inc.","14.35","1268036099.75","n/a","1985","Health Care","Major Pharmaceuticals","http://www.nasdaq.com/symbol/acad",
"ANCX","Access National Corporation","13.18","135763529.14","n/a","n/a","Finance","Savings Institutions","http://www.nasdaq.com/symbol/ancx",
"ACRX","AcelRx Pharmaceuticals, Inc.","8.95","333274005.05","n/a","n/a","Health Care","Major Pharmaceuticals","http://www.nasdaq.com/symbol/acrx",
"ACFN","Acorn Energy, Inc.","8.73","157930379.28","n/a","n/a","Consumer Services","Military/Government/Technical","http://www.nasdaq.com/symbol/acfn",
"ADUS","Addus HomeCare Corporation","18.1","197135027.8","n/a","2009","Health Care","Medical/Nursing Services","http://www.nasdaq.com/symbol/adus",
"AEY","ADDvantage Technologies Group, Inc.","2.29","22896519.2","n/a","n/a","Consumer Services","Office Equipment/Supplies/Services","http://www.nasdaq.com/symbol/aey",
"ADEP","Adept Technology, Inc.","3.7","40282599.3","n/a","n/a","Technology","Industrial Machinery/Components","http://www.nasdaq.com/symbol/adep",
"AEZS","AEterna Zentaris Inc.","2.06","52178333.28","n/a","n/a","Health Care","Major Pharmaceuticals","http://www.nasdaq.com/symbol/aezs",
"ALCS","ALCO Stores, Inc.","9.7","31604181.1","n/a","n/a","Consumer Services","Department/Specialty Retail Stores","http://www.nasdaq.com/symbol/alcs",
"ALXA","Alexza Pharmaceuticals, Inc.","4.59","72505269.45","n/a","2006","Health Care","Major Pharmaceuticals","http://www.nasdaq.com/symbol/alxa",
"ALIM","Alimera Sciences, Inc.","4.4","138913671.6","n/a","2010","Health Care","Major Pharmaceuticals","http://www.nasdaq.com/symbol/alim",
"ALLB","Alliance Bancorp, Inc. of Pennsylvania","13.74","71471825.16","n/a","n/a","Finance","Savings Institutions","http://www.nasdaq.com/symbol/allb",
"AIQ","Alliance HealthCare Services, Inc.","15.3","162614581.2","n/a","2001","Health Care","Medical Specialities","http://www.nasdaq.com/symbol/aiq",
"AHPI","Allied Healthcare Products, Inc.","2.57","20629767.79","n/a","1992","Health Care","Industrial Specialties","http://www.nasdaq.com/symbol/ahpi",
"AMOT","Allied Motion Technologies, Inc.","6.85","60617314.55","n/a","n/a","Capital Goods","Electrical Products","http://www.nasdaq.com/symbol/amot",
"ASDR","ALPS ETF Trust VelocityShares Emerging Asia DR ETF","53.28","5327840.16","n/a","n/a","n/a","n/a","http://www.nasdaq.com/symbol/asdr",
"EMDR","ALPS ETF Trust VelocityShares Emerging Markets DR ETF","50.02","2501250.1","n/a","n/a","n/a","n/a","http://www.nasdaq.com/symbol/emdr",
"RUDR","ALPS ETF Trust VelocityShares Russia Select DR ETF","50.15","2507750.75","n/a","n/a","n/a","n/a","http://www.nasdaq.com/symbol/rudr",
"AMRN","Amarin Corporation PLC","6.98","993531650.44","142339778","1995","Health Care","Major Pharmaceuticals","http://www.nasdaq.com/symbol/amrn",
"AMBI","Ambit Biosciences Corporation","6.92","0","n/a","n/a","Health Care","Major Pharmaceuticals","http://www.nasdaq.com/symbol/ambi",
"AMIC","American Independence Corp.","7.03","56750012.44","n/a","n/a","Finance","Accident &Health Insurance","http://www.nasdaq.com/symbol/amic",
"APFC","American Pacific Corporation","27.67","217668074.91","n/a","n/a","Basic Industries","Major Chemicals","http://www.nasdaq.com/symbol/apfc",
"ASRV","AmeriServ Financial Inc.","3.03","58079609.64","n/a","n/a","Finance","Major Banks","http://www.nasdaq.com/symbol/asrv",
"ASRVP","AmeriServ Financial Inc.","26.9499","0","n/a","n/a","Finance","Major Banks","http://www.nasdaq.com/symbol/asrvp",
"FOLD","Amicus Therapeutics, Inc.","3.47","172221901.84","n/a","2007","Health Care","Major Pharmaceuticals","http://www.nasdaq.com/symbol/fold",
"ANAC","Anacor Pharmaceuticals, Inc.","5.76","233248124.16","n/a","2010","Health Care","Major Pharmaceuticals","http://www.nasdaq.com/symbol/anac",
"ANLY","Analysts International Corporation","3.9501","20185512.6627","n/a","n/a","Technology","EDP Services","http://www.nasdaq.com/symbol/anly",
"ANCB","Anchor Bancorp","18.25","46537500","n/a","2011","Finance","Banks","http://www.nasdaq.com/symbol/ancb",
"AMCF","Andatee China Marine Fuel Services Corporation","0.61","5862196.99","n/a","2010","Energy","Oil Refining/Marketing","http://www.nasdaq.com/symbol/amcf",
"ANGI","Angie&#39;s List, Inc.","23.58","1370083218.12","n/a","n/a","Consumer Services","Advertising","http://www.nasdaq.com/symbol/angi",
"ANTH","Anthera Pharmaceuticals, Inc.","0.5851","87121538.6154","n/a","2010","Health Care","Major Pharmaceuticals","http://www.nasdaq.com/symbol/anth",
"ARDNA","Arden Group, Inc.","107.54","330255340","n/a","n/a","Consumer Services","Food Chains","http://www.nasdaq.com/symbol/ardna",
"ARKR","Ark Restaurants Corp.","21.56","69958858.2","n/a","n/a","Consumer Services","Restaurants","http://www.nasdaq.com/symbol/arkr",
"ARTX","Arotech Corporation","1.61","26165354.53","n/a","1994","Energy","Industrial Machinery/Components","http://www.nasdaq.com/symbol/artx",
"ARQL","ArQule, Inc.","2.73","170963607.36","n/a","1996","Health Care","Major Pharmaceuticals","http://www.nasdaq.com/symbol/arql",
"ARRY","Array BioPharma Inc.","5.99","699488461.63","n/a","2000","Health Care","Major Pharmaceuticals","http://www.nasdaq.com/symbol/arry",
"ASBB","ASB Bancorp, Inc.","16.9","89659958.7","n/a","n/a","Finance","Savings Institutions","http://www.nasdaq.com/symbol/asbb",
"ASTI","Ascent Solar Technologies, Inc.","0.82","42249481.56","n/a","n/a","Technology","Semiconductors","http://www.nasdaq.com/symbol/asti",
"AERL","Asia Entertainment & Resources Ltd","4.2","169894888.8","n/a","n/a","Consumer Services","Services-Misc. Amusement & Recreation","http://www.nasdaq.com/symbol/aerl",
"APWC","Asia Pacific Wire & Cable Corporation Limited","4.04","55868630.76","n/a","n/a","Basic Industries","Telecommunications Equipment","http://www.nasdaq.com/symbol/apwc",
"ALOT","Astro-Med, Inc.","10.6","78414252.6","n/a","1983","Technology","Computer peripheral equipment","http://www.nasdaq.com/symbol/alot",
"ATAI","ATA Inc.","4.4084","54029244.5984","12255976","2008","Consumer Services","Other Consumer Services","http://www.nasdaq.com/symbol/atai",
"AAME","Atlantic American Corporation","3.93","84030462.21","n/a","n/a","Finance","Life Insurance","http://www.nasdaq.com/symbol/aame",
"ACFC","Atlantic Coast Federal Corporation","5.1201","13461055.2261","n/a","n/a","Finance","Savings Institutions","http://www.nasdaq.com/symbol/acfc",
"ATRC","AtriCure, Inc.","8.86","185455987.22","n/a","1979","Health Care","Medical/Dental Instruments","http://www.nasdaq.com/symbol/atrc",
"AUBN","Auburn National Bancorporation, Inc.","21.85","79598413.8","n/a","n/a","Finance","Major Banks","http://www.nasdaq.com/symbol/aubn",
"AWRE","Aware, Inc.","5.07","114153676.26","n/a","1996","Technology","Semiconductors","http://www.nasdaq.com/symbol/awre",
"BWINA","Baldwin & Lyons, Inc.","23.78","354634564.32","n/a","n/a","Finance","Property-Casualty Insurers","http://www.nasdaq.com/symbol/bwina",
"BWINB","Baldwin & Lyons, Inc.","24.2","360387077.6","n/a","n/a","Finance","Property-Casualty Insurers","http://www.nasdaq.com/symbol/bwinb",
"BLDP","Ballard Power Systems, Inc.","1.76","174021188","n/a","n/a","Energy","Industrial Machinery/Components","http://www.nasdaq.com/symbol/bldp",
"BOCH","Bank of Commerce Holdings (CA)","4.95","75779688.6","n/a","n/a","Finance","Major Banks","http://www.nasdaq.com/symbol/boch",
"BCBP","BCB Bancorp, Inc. (NJ)","10.2","85756459.2","n/a","2005","Finance","Savings Institutions","http://www.nasdaq.com/symbol/bcbp",
"BCSB","BCSB Bancorp, Inc.","16.55","52701869.65","n/a","n/a","Finance","Savings Institutions","http://www.nasdaq.com/symbol/bcsb",
"BBGI","Beasley Broadcast Group, Inc.","7.39","168882990.12","n/a","2000","Consumer Services","Broadcasting","http://www.nasdaq.com/symbol/bbgi",
"BERK","Berkshire Bancorp, Inc.","8.05","116050393.9","n/a","1972","Finance","Major Banks","http://www.nasdaq.com/symbol/berk",
"BGMD","BG Medicine, Inc.","1.83","50468245.08","n/a","n/a","Health Care","Biotechnology: In Vitro & In Vivo Diagnostic Substances","http://www.nasdaq.com/symbol/bgmd",
"BPAX","Biosante Pharmaceuticals, Inc.","1.25","30527800","n/a","n/a","Health Care","Biotechnology: Biological Products (No Diagnostic Substances)","http://www.nasdaq.com/symbol/bpax",
"BSTC","BioSpecifics Technologies Corp","15.82","100402231.16","n/a","n/a","Health Care","Major Pharmaceuticals","http://www.nasdaq.com/symbol/bstc",
"BSPM","Biostar Pharmaceuticals, Inc.","0.78","9044968.14","n/a","n/a","Health Care","Major Pharmaceuticals","http://www.nasdaq.com/symbol/bspm",
"ADRA","BLDRS Asia 50 ADR Index Fund","27.9699","29368395","n/a","n/a","n/a","n/a","http://www.nasdaq.com/symbol/adra",
"ADRD","BLDRS Developed Markets 100 ADR Index Fund","22.8001","47880210","n/a","n/a","n/a","n/a","http://www.nasdaq.com/symbol/adrd",
"ADRE","BLDRS Emerging Markets 50 ADR Index Fund","37.91","267265500","n/a","n/a","n/a","n/a","http://www.nasdaq.com/symbol/adre",
"ADRU","BLDRS Europe 100 ADR Index Fund","22.31","14501500","n/a","n/a","n/a","n/a","http://www.nasdaq.com/symbol/adru",
"BKEP","Blueknight Energy Partners L.P., L.L.C.","8.35","189400561.7","n/a","n/a","Energy","Natural Gas Distribution","http://www.nasdaq.com/symbol/bkep",
"BKEPP","Blueknight Energy Partners L.P., L.L.C.","9.2799","279881394.2442","n/a","n/a","Energy","Natural Gas Distribution","http://www.nasdaq.com/symbol/bkepp",
"BPHX","BluePhoenix Solutions, Ltd.","4.06","43352943.9","n/a","n/a","Technology","EDP Services","http://www.nasdaq.com/symbol/bphx",
"BRID","Bridgford Foods Corporation","7.27","66564316.29","n/a","n/a","Consumer Non-Durables","Specialty Foods","http://www.nasdaq.com/symbol/brid",
"BVSN","BroadVision, Inc.","9.05","42548249.2","n/a","1996","Technology","Computer Software: Prepackaged Software","http://www.nasdaq.com/symbol/bvsn",
"BSDM","BSD Medical Corporation","1.27","37786552.57","n/a","n/a","Health Care","Biotechnology: Electromedical & Electrotherapeutic Apparatus","http://www.nasdaq.com/symbol/bsdm",
"BSQR","BSQUARE Corporation","2.9","32321758.6","n/a","1999","Miscellaneous","Business Services","http://www.nasdaq.com/symbol/bsqr",
"BTUI","BTU International, Inc.","2.5","23827430","n/a","1989","Technology","Industrial Machinery/Components","http://www.nasdaq.com/symbol/btui",
"BUR","Burcon Nutrascience Corp","2.48","78429238.64","n/a","1992","Miscellaneous","Multi-Sector Companies","http://www.nasdaq.com/symbol/bur",
"CDZI","Cadiz, Inc.","6.05","93489173.8","n/a","n/a","Public Utilities","Water Supply","http://www.nasdaq.com/symbol/cdzi",
"CFNB","California First National Bancorp","16.57","173110551.39","n/a","n/a","Finance","Major Banks","http://www.nasdaq.com/symbol/cfnb",
"CALD","Callidus Software, Inc.","5.78","217093603.66","n/a","2000","Technology","EDP Services","http://www.nasdaq.com/symbol/cald",
"ABCD","Cambium Learning Group, Inc.","1.46","68480380.2","n/a","n/a","Consumer Services","Publishing","http://www.nasdaq.com/symbol/abcd",
"CAFI","Camco Financial Corporation","3.34","45249007.38","n/a","n/a","Finance","Banks","http://www.nasdaq.com/symbol/cafi",
"CAMT","Camtek Ltd.","2.02","60394970","n/a","2000","Capital Goods","Electronic Components","http://www.nasdaq.com/symbol/camt",
"CPHC","Canterbury Park Holding Corporation","10.56","43827009.6","n/a","n/a","Consumer Services","Services-Misc. Amusement & Recreation","http://www.nasdaq.com/symbol/cphc",
"CPST","Capstone Turbine Corporation","1.22","371570920.16","n/a","1986","Energy","Industrial Machinery/Components","http://www.nasdaq.com/symbol/cpst",
"CARB","Carbonite, Inc.","10.67","277097563.27","n/a","1992","Technology","EDP Services","http://www.nasdaq.com/symbol/carb",
"CRDC","Cardica, Inc.","1.25","63825767.5","n/a","2006","Health Care","Medical/Dental Instruments","http://www.nasdaq.com/symbol/crdc",
"BEAT","CardioNet, Inc.","2.85","72334872.45","n/a","2008","Health Care","Medical/Dental Instruments","http://www.nasdaq.com/symbol/beat",
"CSII","Cardiovascular Systems, Inc.","19.92","420126425.28","n/a","1981","Health Care","Medical/Dental Instruments","http://www.nasdaq.com/symbol/csii",
"CLBH","Carolina Bank Holdings Inc.","12.52","42427437.96","n/a","n/a","Finance","Major Banks","http://www.nasdaq.com/symbol/clbh",
"CRRB","Carrollton Bancorp","5.22","48835078.38","n/a","n/a","Finance","Major Banks","http://www.nasdaq.com/symbol/crrb",
"CASM","CAS Medical Systems, Inc.","1.75","23971421.25","n/a","n/a","Health Care","Medical/Dental Instruments","http://www.nasdaq.com/symbol/casm",
"CSCD","Cascade Microtech, Inc.","6.65","95057008.55","n/a","2004","Capital Goods","Electrical Products","http://www.nasdaq.com/symbol/cscd",
"CECE","CECO Environmental Corp.","12.24","217064184.48","n/a","n/a","Capital Goods","Pollution Control Equipment","http://www.nasdaq.com/symbol/cece",
"CELGZ","Celgene Corporation","7.4","0","n/a","n/a","Health Care","Major Pharmaceuticals","http://www.nasdaq.com/symbol/celgz",
"CEMP","Cempra, Inc.","7.7","191759059.8","n/a","n/a","Health Care","Major Pharmaceuticals","http://www.nasdaq.com/symbol/cemp",
"CERE","Ceres, Inc.","2.09","51836150.74","n/a","n/a","Consumer Non-Durables","Farming/Seeds/Milling","http://www.nasdaq.com/symbol/cere",
"CERS","Cerus Corporation","5.17","360431720","n/a","1997","Health Care","Medical/Dental Instruments","http://www.nasdaq.com/symbol/cers",
"CITZ","CFS Bancorp, Inc.","10.56","115079395.2","n/a","n/a","Finance","Savings Institutions","http://www.nasdaq.com/symbol/citz",
"CHRM","Charm Communications Inc.","5.14","49216820.98","9575257","2010","Technology","Advertising","http://www.nasdaq.com/symbol/chrm",
"CHMG","Chemung Financial Corp","33.44","153581760.64","n/a","n/a","Finance","Major Banks","http://www.nasdaq.com/symbol/chmg",
"CBNK","Chicopee Bancorp, Inc.","17.1501","93100775.6085","n/a","n/a","Finance","Banks","http://www.nasdaq.com/symbol/cbnk",
"CMRX","Chimerix, Inc.","22.07","567694493.57","n/a","n/a","Health Care","Major Pharmaceuticals","http://www.nasdaq.com/symbol/cmrx",
"CALI","China Auto Logistics Inc.","3.15","11637341.1","n/a","n/a","Consumer Services","Motor Vehicles","http://www.nasdaq.com/symbol/cali",
"CBAK","China BAK Battery, Inc.","1","12619597","n/a","n/a","Energy","Industrial Machinery/Components","http://www.nasdaq.com/symbol/cbak",
"CCCL","China Ceramics Co., Ltd.","2.22","45356460.36","n/a","n/a","Capital Goods","Building Materials","http://www.nasdaq.com/symbol/cccl",
"CMGE","China Mobile Games and Entertainment Group Limited","13.77","21684183.57","1574741","n/a","Technology","Computer Software: Prepackaged Software","http://www.nasdaq.com/symbol/cmge",
"CREG","China Recycling Energy Corporation","0.96","48215376","n/a","1996","Miscellaneous","Business Services","http://www.nasdaq.com/symbol/creg",
"CPGI","China Shengda Packaging Group, Inc.","1.2","46548973.2","n/a","2010","Consumer Durables","Containers/Packaging","http://www.nasdaq.com/symbol/cpgi",
"CXDC","China XD Plastics Company Limited","4.25","203102281","n/a","n/a","Capital Goods","Containers/Packaging","http://www.nasdaq.com/symbol/cxdc",
"CCIH","ChinaCache International Holdings Ltd.","4.6","65917038.6","14329791","2010","Technology","EDP Services","http://www.nasdaq.com/symbol/ccih",
"CEDU","ChinaEdu Corporation","5.92","62863331.52","10618806","2007","Consumer Services","Other Consumer Services","http://www.nasdaq.com/symbol/cedu",
"CNET","ChinaNet Online Holdings, Inc.","0.578","12823820.12","n/a","1996","Technology","Advertising","http://www.nasdaq.com/symbol/cnet",
"CHYR","ChyronHego Corporation","1.47","25629408.84","n/a","n/a","Miscellaneous","Industrial Machinery/Components","http://www.nasdaq.com/symbol/chyr",
"CIDM","Cinedigm Digital Cinema Corp","1.5","72510553.5","n/a","n/a","Miscellaneous","Business Services","http://www.nasdaq.com/symbol/cidm",
"CZWI","Citizens Community Bancorp, Inc.","7.16","36913594.8","n/a","n/a","Finance","Savings Institutions","http://www.nasdaq.com/symbol/czwi",
"CZFC","Citizens First Corporation","8.55","16833043.35","n/a","n/a","Finance","Major Banks","http://www.nasdaq.com/symbol/czfc",
"CIZN","Citizens Holding Company","19.0414","92705226.6196","n/a","n/a","Finance","Major Banks","http://www.nasdaq.com/symbol/cizn",
"CLFD","Clearfield, Inc.","8.1","104266367.1","n/a","n/a","Public Utilities","Telecommunications Equipment","http://www.nasdaq.com/symbol/clfd",
"COBR","Cobra Electronics Corporation","3.06","20228374.8","n/a","n/a","Technology","Radio And Television Broadcasting And Communications Equipment","http://www.nasdaq.com/symbol/cobr",
"CVLY","Codorus Valley Bancorp, Inc","17.4","78328309.8","n/a","n/a","Finance","Savings Institutions","http://www.nasdaq.com/symbol/cvly",
"CCIX","Coleman Cable, Inc.","18.46","320970997.88","n/a","1993","Basic Industries","Telecommunications Equipment","http://www.nasdaq.com/symbol/ccix",
"CLCT","Collectors Universe, Inc.","13.44","114103503.36","n/a","1999","Miscellaneous","Business Services","http://www.nasdaq.com/symbol/clct",
"COBK","Colonial Financial Services, Inc.","14","53942812","n/a","n/a","Finance","Savings Institutions","http://www.nasdaq.com/symbol/cobk",
"CBAN","Colony Bankcorp, Inc.","6.9999","59073962.0742","n/a","n/a","Finance","Major Banks","http://www.nasdaq.com/symbol/cban",
"JCS","Communications Systems, Inc.","10.25","87422629.25","n/a","n/a","Public Utilities","Telecommunications Equipment","http://www.nasdaq.com/symbol/jcs",
"CWBC","Community West Bancshares","4.69","28299089.49","n/a","n/a","Finance","Major Banks","http://www.nasdaq.com/symbol/cwbc",
"CNSI","Comverse Inc.","30.07","667213727.88","n/a","1991","Miscellaneous","Business Services","http://www.nasdaq.com/symbol/cnsi",
"CCUR","Concurrent Computer Corporation","7.62","70302531.48","n/a","n/a","Technology","Computer Manufacturing","http://www.nasdaq.com/symbol/ccur",
"CNOB","ConnectOne Bancorp, Inc.","29.12","146215655.04","n/a","n/a","Finance","Major Banks","http://www.nasdaq.com/symbol/cnob",
"CPSS","Consumer Portfolio Services, Inc.","7.52","152485296","n/a","1992","Finance","Finance: Consumer Services","http://www.nasdaq.com/symbol/cpss",
"COSI","Cosi, Inc.","2.17","39718523.39","n/a","1993","Consumer Services","Restaurants","http://www.nasdaq.com/symbol/cosi",
"BREW","Craft Brew Alliance, Inc.","7.78","147128210.18","n/a","1994","Consumer Non-Durables","Beverages (Production/Distribution)","http://www.nasdaq.com/symbol/brew",
"GLDI","Credit Suisse Gold Shares Covered Calls ETN","17.0199","230200989.4998","n/a","n/a","Finance","Investment Bankers/Brokers/Service","http://www.nasdaq.com/symbol/gldi",
"SLVO","Credit Suisse Silver Shares Covered Call ETN","19.35","14456365.65","n/a","n/a","Finance","Investment Bankers/Brokers/Service","http://www.nasdaq.com/symbol/slvo",
"CRFN","Crescent Financial Bancshares, Inc.","4.15","191062995.4","n/a","n/a","Finance","Major Banks","http://www.nasdaq.com/symbol/crfn",
"CXPO","Crimson Exploration Inc.","2.95","137538324.95","n/a","n/a","Energy","Oil & Gas Production","http://www.nasdaq.com/symbol/cxpo",
"ATX","Cross (A.T.) Company","14.15","156793503.95","n/a","n/a","Consumer Durables","Consumer Specialties","http://www.nasdaq.com/symbol/atx",
"CRWN","Crown Media Holdings, Inc.","2.07","744529187.52","n/a","1983","Consumer Services","Television Services","http://www.nasdaq.com/symbol/crwn",
"CSPI","CSP Inc.","8.06","27829906.52","n/a","1982","Technology","EDP Services","http://www.nasdaq.com/symbol/cspi",
"CRIS","Curis, Inc.","3.93","316515676.2","n/a","n/a","Health Care","Biotechnology: Biological Products (No Diagnostic Substances)","http://www.nasdaq.com/symbol/cris",
"CYBE","CyberOptics Corporation","6.33","43839041.67","n/a","1987","Capital Goods","Electronic Components","http://www.nasdaq.com/symbol/cybe",
"CYCC","Cyclacel Pharmaceuticals, Inc.","3.44","60939992.16","n/a","n/a","Health Care","Major Pharmaceuticals","http://www.nasdaq.com/symbol/cycc",
"CYTX","Cytori Therapeutics Inc","2.53","169973116.5","n/a","n/a","Health Care","Medical/Dental Instruments","http://www.nasdaq.com/symbol/cytx",
"CYTXW","Cytori Therapeutics Inc","0.82","0","n/a","n/a","Health Care","Medical/Dental Instruments","http://www.nasdaq.com/symbol/cytxw",
"DTLK","Datalink Corporation","11.64","217563414.6","n/a","1999","Technology","EDP Services","http://www.nasdaq.com/symbol/dtlk",
"DLIA","dELIA*s Inc.","0.92","29384445.8","n/a","1996","Consumer Services","Catalog/Specialty Distribution","http://www.nasdaq.com/symbol/dlia",
"DSWL","Deswell Industries, Inc.","2.66","43712093.88","n/a","1995","Consumer Non-Durables","Plastic Products","http://www.nasdaq.com/symbol/dswl",
"DMRC","Digimarc Corporation","24.3","176742526.5","n/a","1999","Technology","EDP Services","http://www.nasdaq.com/symbol/dmrc",
"DRAD","Digirad Corporation","2.34","45028804.86","n/a","2004","Health Care","Biotechnology: Electromedical & Electrotherapeutic Apparatus","http://www.nasdaq.com/symbol/drad",
"HILL","Dot Hill Systems Corporation","2.02","118404257.38","n/a","n/a","Technology","Electronic Components","http://www.nasdaq.com/symbol/hill",
"DRTX","Durata Therapeutics, Inc.","7.07","188250337.73","n/a","n/a","Health Care","Major Pharmaceuticals","http://www.nasdaq.com/symbol/drtx",
"DRRX","Durect Corporation","0.8266","84225963.1158","n/a","2000","Health Care","Major Pharmaceuticals","http://www.nasdaq.com/symbol/drrx",
"DYAX","Dyax Corp.","3.07","307853226.68","n/a","2000","Health Care","Biotechnology: Commercial Physical & Biological Resarch","http://www.nasdaq.com/symbol/dyax",
"DRCO","Dynamics Research Corporation","5.04","52933602.96","n/a","n/a","Technology","EDP Services","http://www.nasdaq.com/symbol/drco",
"DYSL","Dynasil Corporation of America","0.52","7817958.2","n/a","n/a","Capital Goods","Industrial Machinery/Components","http://www.nasdaq.com/symbol/dysl",
"EOPN","E2open, Inc.","15.18","386226607.14","n/a","n/a","Technology","Computer Software: Prepackaged Software","http://www.nasdaq.com/symbol/eopn",
"EBMT","Eagle Bancorp Montana, Inc.","10.52","41014166.2","n/a","n/a","Finance","Savings Institutions","http://www.nasdaq.com/symbol/ebmt",
"EML","Eastern Company (The)","14.87","92491533.83","n/a","n/a","Capital Goods","Industrial Machinery/Components","http://www.nasdaq.com/symbol/eml",
"EEI","Ecology and Environment, Inc.","12.55","53352560","n/a","1987","Consumer Services","Military/Government/Technical","http://www.nasdaq.com/symbol/eei",
"EDAP","EDAP TMS S.A.","3.81","72831380.88","19115848","1997","Health Care","Biotechnology: Electromedical & Electrotherapeutic Apparatus","http://www.nasdaq.com/symbol/edap",
"EDGW","Edgewater Technology, Inc.","3.89","42479928.1","n/a","n/a","Technology","Computer Software: Programming, Data Processing","http://www.nasdaq.com/symbol/edgw",
"EDUC","Educational Development Corporation","3.584","14227999.744","n/a","n/a","Consumer Durables","Consumer Specialties","http://www.nasdaq.com/symbol/educ",
"BAGL","Einstein Noah Restaurant Group, Inc.","14.05","243257541.2","n/a","1995","Consumer Services","Restaurants","http://www.nasdaq.com/symbol/bagl",
"LONG","eLong, Inc.","14.39","166053966.21","11539539","1987","Consumer Services","Transportation Services","http://www.nasdaq.com/symbol/long",
"EMKR","EMCORE Corporation","3.43","91627188.38","n/a","1997","Technology","Semiconductors","http://www.nasdaq.com/symbol/emkr",
"NYNY","Empire Resorts, Inc.","2.78","83813711.26","n/a","n/a","Consumer Services","Restaurants","http://www.nasdaq.com/symbol/nyny",
"ENPH","Enphase Energy, Inc.","7.79","324216902.12","n/a","n/a","Technology","Semiconductors","http://www.nasdaq.com/symbol/enph",
"EPZM","Epizyme, Inc.","n/a","0","n/a","n/a","n/a","n/a","http://www.nasdaq.com/symbol/epzm",
"EAC           ","Erickson Air-Crane Incorporated","24.89","242926698.68","n/a","2001","Capital Goods","Aerospace","http://www.nasdaq.com/symbol/eac           ",
"ESCA","Escalade, Incorporated","6.12","82340603.64","n/a","n/a","Consumer Non-Durables","Recreational Products/Toys","http://www.nasdaq.com/symbol/esca",
"EXA","Exa Corporation","8.6","114492599.8","n/a","n/a","Technology","Computer Software: Prepackaged Software","http://www.nasdaq.com/symbol/exa",
"FWM","Fairway Group Holdings Corp.","22","908211216","n/a","n/a","Consumer Services","Food Chains","http://www.nasdaq.com/symbol/fwm",
"FALC","FalconStor Software, Inc.","1.38","66197643.66","n/a","n/a","Technology","Computer Software: Prepackaged Software","http://www.nasdaq.com/symbol/falc",
"FARM","Farmer Brothers Company","14.49","238352617.44","n/a","n/a","Consumer Non-Durables","Packaged Foods","http://www.nasdaq.com/symbol/farm",
"FNHC","Federated National Holding Company","9.22","74562960.58","n/a","n/a","Finance","Property-Casualty Insurers","http://www.nasdaq.com/symbol/fnhc",
"ONEQ","Fidelity Nasdaq Composite Index Tracking Stock","137.9699","206954850","n/a","n/a","n/a","n/a","http://www.nasdaq.com/symbol/oneq",
"FBIZ","First Business Financial Services, Inc.","29.57","115877674.06","n/a","n/a","Finance","Major Banks","http://www.nasdaq.com/symbol/fbiz",
"FFBH","First Federal Bancshares of Arkansas, Inc.","9.77","194399581.31","n/a","n/a","Finance","Savings Institutions","http://www.nasdaq.com/symbol/ffbh",
"FFKY","First Financial Service Corporation","3.47","16621168.14","n/a","n/a","Finance","Major Banks","http://www.nasdaq.com/symbol/ffky",
"BANC","First PacTrust Bancorp, Inc.","13.64","148399462.64","n/a","n/a","Finance","Major Banks","http://www.nasdaq.com/symbol/banc",
"BANCL","First PacTrust Bancorp, Inc.","25.91","0","n/a","n/a","Finance","Major Banks","http://www.nasdaq.com/symbol/bancl",
"BICK","First Trust Exchange-Traded Fund II First Trust BICK Index Fun","23.7292","30848007.4584","n/a","n/a","n/a","n/a","http://www.nasdaq.com/symbol/bick",
"CU","First Trust Exchange-Traded Fund II First Trust ISE Global Cop","23.86","34597047.72","n/a","n/a","n/a","n/a","http://www.nasdaq.com/symbol/cu",
"PLTM","First Trust Exchange-Traded Fund II First Trust ISE Global Pla","11.9862","9588983.9724","n/a","n/a","n/a","n/a","http://www.nasdaq.com/symbol/pltm",
"CARZ","First Trust Exchange-Traded Fund II First Trust NASDAQ Global ","35.989","17994571.978","n/a","n/a","n/a","n/a","http://www.nasdaq.com/symbol/carz",
"HYLS","First Trust Exchange-Traded Fund IV First Trust High Yield Lon","51.5","25750103","n/a","n/a","n/a","n/a","http://www.nasdaq.com/symbol/hyls",
"FTSL","First Trust Exchange-Traded Fund IV First Trust Senior Loan Fu","50","25000100","n/a","n/a","n/a","n/a","http://www.nasdaq.com/symbol/ftsl",
"TDIV","First Trust Exchange-Traded Fund VI First Trust NASDAQ Technol","22.66","121344300","n/a","n/a","n/a","n/a","http://www.nasdaq.com/symbol/tdiv",
"MDIV","First Trust Exchange-Traded Fund VI Multi-Asset Diversified In","21.67","434483543.34","n/a","n/a","n/a","n/a","http://www.nasdaq.com/symbol/mdiv",
"SKYY","First Trust ISE Cloud Computing Index Fund","21.908","95299843.816","n/a","n/a","n/a","n/a","http://www.nasdaq.com/symbol/skyy",
"QABA","First Trust NASDAQ ABA Community Bank Index Fund","29.65","16307559.3","n/a","n/a","n/a","n/a","http://www.nasdaq.com/symbol/qaba",
"FONE","First Trust NASDAQ CEA Smartphone Index Fund","28.75","12937557.5","n/a","1996","n/a","n/a","http://www.nasdaq.com/symbol/fone",
"GRID","First Trust NASDAQ Clean Edge Smart Grid Infrastructure Index ","33.2424","11634906.4848","n/a","n/a","n/a","n/a","http://www.nasdaq.com/symbol/grid",
"QCLN","First Trust NASDAQ Clean Edge U.S. Liquid Series Index Fund","14.6501","43950329.3002","n/a","n/a","n/a","n/a","http://www.nasdaq.com/symbol/qcln",
"QQEW","First Trust NASDAQ-100 Equal Weighted Index Fund","30.8853","142072441.7706","n/a","n/a","n/a","n/a","http://www.nasdaq.com/symbol/qqew",
"QQXT","First Trust NASDAQ-100 Ex-Technology Sector Index Fund","30.05","61602560.1","n/a","n/a","n/a","n/a","http://www.nasdaq.com/symbol/qqxt",
"QTEC","First Trust NASDAQ-100-Technology Sector Index Fund","29.57","119758559.14","n/a","1984","n/a","n/a","http://www.nasdaq.com/symbol/qtec",
"SVVC","Firsthand Technology Value Fund, Inc.","19.8","169418304","n/a","n/a","n/a","n/a","http://www.nasdaq.com/symbol/svvc",
"FLML","Flamel Technologies S.A.","4.88","117331255.2","24043290","1996","Health Care","Major Pharmaceuticals","http://www.nasdaq.com/symbol/flml",
"FES","Forbes Energy Services Ltd","3.46","73914156.58","n/a","n/a","Energy","Oilfield Services/Equipment","http://www.nasdaq.com/symbol/fes",
"FEIM","Frequency Electronics, Inc.","10.27","86637791.89","n/a","n/a","Capital Goods","Electrical Products","http://www.nasdaq.com/symbol/feim",
"FFN","FriendFinder Networks Inc.","0.3401","11163021.0161","n/a","n/a","Technology","Computer Software: Programming, Data Processing","http://www.nasdaq.com/symbol/ffn",
"FCEL","FuelCell Energy, Inc.","1.38","261476223.12","n/a","n/a","Energy","Industrial Machinery/Components","http://www.nasdaq.com/symbol/fcel",
"FFHL","Fuwei Films (Holdings) Co., Ltd.","0.97","12670625","n/a","2006","Capital Goods","Specialty Chemicals","http://www.nasdaq.com/symbol/ffhl",
"GAIA","Gaiam, Inc.","4.1","71095414.5","n/a","1999","Consumer Services","Movies/Entertainment","http://www.nasdaq.com/symbol/gaia",
"GPIC","Gaming Partners International Corporation","8.32","66162004.48","n/a","n/a","Consumer Non-Durables","Recreational Products/Toys","http://www.nasdaq.com/symbol/gpic",
"GKNT","Geeknet, Inc.","14.38","95150202.34","n/a","n/a","Consumer Services","Other Specialty Stores","http://www.nasdaq.com/symbol/gknt",
"GENC","Gencor Industries Inc.","7.04","67005804.8","n/a","n/a","Capital Goods","Construction/Ag Equipment/Trucks","http://www.nasdaq.com/symbol/genc",
"GFN","General Finance Corporation","4.48","99707659.52","n/a","n/a","Consumer Services","Other Specialty Stores","http://www.nasdaq.com/symbol/gfn",
"GFNCL","General Finance Corporation","4.2499","0","n/a","n/a","Consumer Services","Other Specialty Stores","http://www.nasdaq.com/symbol/gfncl",
"GFNCP","General Finance Corporation","103.4877","0","n/a","n/a","Consumer Services","Other Specialty Stores","http://www.nasdaq.com/symbol/gfncp",
"GFNCZ","General Finance Corporation","0.14","0","n/a","n/a","Consumer Services","Other Specialty Stores","http://www.nasdaq.com/symbol/gfncz",
"GNMK","GenMark Diagnostics, Inc.","15","491555880","n/a","2010","Health Care","Medical/Dental Instruments","http://www.nasdaq.com/symbol/gnmk",
"GENT","Gentium SpA","8.37","85400214.84","10203132","n/a","Health Care","Major Pharmaceuticals","http://www.nasdaq.com/symbol/gent",
"GEVO","Gevo, Inc.","1.81","79785049.78","n/a","n/a","Basic Industries","Major Chemicals","http://www.nasdaq.com/symbol/gevo",
"LAND","Gladstone Land Corporation","16","104484224","n/a","1993","Consumer Services","Real Estate Investment Trusts","http://www.nasdaq.com/symbol/land",
"SOCL","Global X Funds Global X Social Media Index ETF","14.8799","10415930","n/a","n/a","n/a","n/a","http://www.nasdaq.com/symbol/socl",
"QQQC","Global X NASDAQ China Technology ETF","16.31","3262000","n/a","n/a","n/a","n/a","http://www.nasdaq.com/symbol/qqqc",
"GAI","Global-Tech Advanced Innovations Inc.","9.64","29310198.28","n/a","1971","Consumer Durables","Home Furnishings","http://www.nasdaq.com/symbol/gai",
"GLBS","Globus Maritime Limited","2.46","25123106.7","n/a","n/a","Transportation","Marine Transportation","http://www.nasdaq.com/symbol/glbs",
"GLDC","Golden Enterprises, Inc.","3.55","41650843.6","n/a","n/a","Consumer Non-Durables","Packaged Foods","http://www.nasdaq.com/symbol/gldc",
"GRVY","GRAVITY Co., Ltd.","1.08","14143347.36","13095692","2005","Miscellaneous","Business Services","http://www.nasdaq.com/symbol/grvy",
"GRIF","Griffin Land & Nurseries, Inc.","29.71","152697218.9","n/a","n/a","Finance","Real Estate","http://www.nasdaq.com/symbol/grif",
"GTXI","GTx, Inc.","6.13","385820918.83","n/a","2004","Health Care","Major Pharmaceuticals","http://www.nasdaq.com/symbol/gtxi",
"GFED","Guaranty Federal Bancshares, Inc.","10.118","27637509.242","n/a","n/a","Finance","Major Banks","http://www.nasdaq.com/symbol/gfed",
"GUID","Guidance Software, Inc.","9.4","264816800","n/a","2006","Technology","Computer Software: Prepackaged Software","http://www.nasdaq.com/symbol/guid",
"GWPH","GW Pharmaceuticals Plc","8.9999","31499650","3500000","n/a","Health Care","Major Pharmaceuticals","http://www.nasdaq.com/symbol/gwph",
"HALL","Hallmark Financial Services, Inc.","9.2","177223804.4","n/a","n/a","Finance","Property-Casualty Insurers","http://www.nasdaq.com/symbol/hall",
"HBNK","Hampden Bancorp, Inc.","15.05","87080579.25","n/a","n/a","Finance","Banks","http://www.nasdaq.com/symbol/hbnk",
"HNSN","Hansen Medical, Inc.","1.72","116189930.2","n/a","2006","Health Care","Industrial Specialties","http://www.nasdaq.com/symbol/hnsn",
"TINY","Harris & Harris Group, Inc.","3.26","101441032.06","n/a","n/a","Finance","Finance/Investors Services","http://www.nasdaq.com/symbol/tiny",
"HBIO","Harvard Bioscience, Inc.","5.25","157827248.25","n/a","2000","Capital Goods","Biotechnology: Laboratory Analytical Instruments","http://www.nasdaq.com/symbol/hbio",
"HIIQ","Health Insurance Innovations, Inc.","10.45","144856165.3","n/a","n/a","Finance","Specialty Insurers","http://www.nasdaq.com/symbol/hiiq",
"HMTV","Hemisphere Media Group, Inc.","14.29","157061390","n/a","n/a","Consumer Services","Television Services","http://www.nasdaq.com/symbol/hmtv",
"HBOS","Heritage Financial Group","14.34","113017268.4","n/a","n/a","Finance","Savings Institutions","http://www.nasdaq.com/symbol/hbos",
"HCCI","Heritage-Crystal Clean, Inc.","14.96","272759950.32","n/a","2008","Basic Industries","Miscellaneous","http://www.nasdaq.com/symbol/hcci",
"HFFC","HF Financial Corp.","13.05","92068011","n/a","n/a","Finance","Savings Institutions","http://www.nasdaq.com/symbol/hffc",
"HIFS","Hingham Institution for Savings","64.5","137110875","n/a","n/a","n/a","n/a","http://www.nasdaq.com/symbol/hifs",
"HMNF","HMN Financial, Inc.","7.4001","32606646.2244","n/a","n/a","Finance","Savings Institutions","http://www.nasdaq.com/symbol/hmnf",
"HOLL","Hollywood Media Corp.","1.43","32392025.38","n/a","n/a","Consumer Services","Other Specialty Stores","http://www.nasdaq.com/symbol/holl",
"HPJ","Hong Kong Highpower Technology","1.12","15211958.72","n/a","n/a","Energy","Industrial Machinery/Components","http://www.nasdaq.com/symbol/hpj",
"HFBC","HopFed Bancorp, Inc.","10.98","82383368.22","n/a","n/a","Finance","Savings Institutions","http://www.nasdaq.com/symbol/hfbc",
"HBNC","Horizon Bancorp (IN)","19.95","173440132.95","n/a","n/a","Finance","Major Banks","http://www.nasdaq.com/symbol/hbnc",
"HZNP","Horizon Pharma, Inc.","2.4","150708506.4","n/a","n/a","Health Care","Major Pharmaceuticals","http://www.nasdaq.com/symbol/hznp",
"HOVNP","Hovnanian Enterprises Inc","17.4","87000000","n/a","n/a","Capital Goods","Homebuilding","http://www.nasdaq.com/symbol/hovnp",
"HPCCP","Huntington Preferred Capital, Inc.","28.95","57900000","n/a","n/a","Consumer Services","Real Estate Investment Trusts","http://www.nasdaq.com/symbol/hpccp",
"HYGS","Hydrogenics Corporation","12.995","114119361.05","n/a","n/a","Basic Industries","Major Chemicals","http://www.nasdaq.com/symbol/hygs",
"HPTX","Hyperion Therapeutics, Inc.","20.79","416673637.38","n/a","n/a","Health Care","Major Pharmaceuticals","http://www.nasdaq.com/symbol/hptx",
"IDSY","I.D. Systems, Inc.","5.07","61416327.18","n/a","1999","Consumer Durables","Telecommunications Equipment","http://www.nasdaq.com/symbol/idsy",
"INVE","Identive Group, Inc.","0.9111","56759834.4429","n/a","n/a","Technology","Computer peripheral equipment","http://www.nasdaq.com/symbol/inve",
"IMMU","Immunomedics, Inc.","3.92","324265469.36","n/a","n/a","Health Care","Biotechnology: In Vitro & In Vivo Diagnostic Substances","http://www.nasdaq.com/symbol/immu",
"IBTX","Independent Bank Group, Inc","28.46","343285288.42","n/a","n/a","Finance","Major Banks","http://www.nasdaq.com/symbol/ibtx",
"III","Information Services Group, Inc.","1.96","72154185.6","n/a","n/a","Consumer Services","Professional Services","http://www.nasdaq.com/symbol/iii",
"INOD","Innodata Inc.","3.16","78888480.44","n/a","1993","Technology","EDP Services","http://www.nasdaq.com/symbol/inod",
"INSY","Insys Therapeutics, Inc.","10.86","8536242.36","n/a","n/a","Health Care","Major Pharmaceuticals","http://www.nasdaq.com/symbol/insy",
"IESC","Integrated Electrical Services, Inc.","5.6","84592737.6","n/a","n/a","Capital Goods","Engineering & Construction","http://www.nasdaq.com/symbol/iesc",
"ICPT","Intercept Pharmaceuticals, Inc.","33.92","570032078.72","n/a","n/a","Health Care","Major Pharmaceuticals","http://www.nasdaq.com/symbol/icpt",
"INTX","Intersections, Inc.","9.35","168326965.4","n/a","2004","Technology","EDP Services","http://www.nasdaq.com/symbol/intx",
"IIN","IntriCon Corporation","3.92","22322016.64","n/a","n/a","Capital Goods","Electrical Products","http://www.nasdaq.com/symbol/iin",
"SNAK","Inventure Foods, Inc.","7.52","144478421.12","n/a","1996","Consumer Non-Durables","Packaged Foods","http://www.nasdaq.com/symbol/snak",
"ITIC","Investors Title Company","72.9999","149218803.5904","n/a","n/a","Finance","Specialty Insurers","http://www.nasdaq.com/symbol/itic",
"IRIX","IRIDEX Corporation","6.13","52524138.75","n/a","1996","Health Care","Biotechnology: Electromedical & Electrotherapeutic Apparatus","http://www.nasdaq.com/symbol/irix",
"FCHI","iShares FTSE China (HK Listed) Index Fund","46.55","32585000","n/a","n/a","n/a","n/a","http://www.nasdaq.com/symbol/fchi",
"IFSM","iShares FTSE Developed Small Cap ex-North America Index Fund","39.28","39280000","n/a","n/a","n/a","n/a","http://www.nasdaq.com/symbol/ifsm",
"IFAS","iShares FTSE EPRA/NAREIT Asia Index Fund","33.55","40260000","n/a","n/a","n/a","n/a","http://www.nasdaq.com/symbol/ifas",
"IFEU","iShares FTSE EPRA/NAREIT Europe Index Fund","32.92","16460000","n/a","n/a","n/a","n/a","http://www.nasdaq.com/symbol/ifeu",
"IFGL","iShares FTSE EPRA/NAREIT Global Real Estate ex-U.S. Index Fund","33.37","1862046000","n/a","n/a","n/a","n/a","http://www.nasdaq.com/symbol/ifgl",
"IFNA","iShares FTSE EPRA/NAREIT North America Index Fund","51.5","23175000","n/a","n/a","n/a","n/a","http://www.nasdaq.com/symbol/ifna",
"SOXX","iShares Goldman Sachs Semiconductor Index Fund","64.53","216175500","n/a","n/a","n/a","n/a","http://www.nasdaq.com/symbol/soxx",
"INDY","iShares India 50 ETF","24.74","467586000","n/a","n/a","n/a","n/a","http://www.nasdaq.com/symbol/indy",
"AXFN","iShares MSCI ACWI ex US Financials Sector Index Fund","24.9","2490000","n/a","n/a","n/a","n/a","http://www.nasdaq.com/symbol/axfn",
"ACWX","iShares MSCI ACWI ex US Index Fund","43.86","1464924000","n/a","n/a","n/a","n/a","http://www.nasdaq.com/symbol/acwx",
"ACWI","iShares MSCI ACWI Index Fund","52.91","4074070000","n/a","n/a","n/a","n/a","http://www.nasdaq.com/symbol/acwi",
"AAXJ","iShares MSCI All Country Asia ex Japan Index Fund","59.21","2646687000","n/a","n/a","n/a","n/a","http://www.nasdaq.com/symbol/aaxj",
"EMFN","iShares MSCI Emerging Markets Financials Sector Index Fund","26.56","6640000","n/a","n/a","n/a","n/a","http://www.nasdaq.com/symbol/emfn",
"EMMT","iShares MSCI Emerging Markets Materials Sector Index Fund","17.76","7104000","n/a","n/a","n/a","n/a","http://www.nasdaq.com/symbol/emmt",
"EUFN","iShares MSCI Europe Financials Sector Index Fund","21.8","70850000","n/a","n/a","n/a","n/a","http://www.nasdaq.com/symbol/eufn",
"FEFN","iShares MSCI Far East Financials Sector Index Fund","28.8","8640000","n/a","n/a","n/a","n/a","http://www.nasdaq.com/symbol/fefn",
"IBB","iShares NASDAQ Biotechnology Index Fund","183.23","3224848000","n/a","n/a","n/a","n/a","http://www.nasdaq.com/symbol/ibb",
"EMIF","iShares S&P Emerging Markets Infrastructure Index Fund","34.82","139280000","n/a","n/a","n/a","n/a","http://www.nasdaq.com/symbol/emif",
"ICLN","iShares S&P Global Clean Energy Index Fund","9.23","36920000","n/a","n/a","n/a","n/a","http://www.nasdaq.com/symbol/icln",
"NUCL","iShares S&P Global Nuclear Index Fund","34.599","9687720","n/a","n/a","n/a","n/a","http://www.nasdaq.com/symbol/nucl",
"WOOD","iShares S&P Global Timber &Forestry Index Fund","47.7","291924000","n/a","n/a","n/a","n/a","http://www.nasdaq.com/symbol/wood",
"ISHG","iShares S&P/Citigroup 1-3 Year International Treasury Bond Fun","92.612","180593400","n/a","n/a","n/a","n/a","http://www.nasdaq.com/symbol/ishg",
"IGOV","iShares S&P/Citigroup International Treasury Bond Fund","98.89","430171500","n/a","n/a","n/a","n/a","http://www.nasdaq.com/symbol/igov",
"GNMA","iShares Trust iShares Barclays GNMA Bond Fund","49.3","24650000","n/a","n/a","n/a","n/a","http://www.nasdaq.com/symbol/gnma",
"AXJS","iShares Trust iShares MSCI All Country Asia ex Japan Small Cap","60.3","6030000","n/a","n/a","n/a","n/a","http://www.nasdaq.com/symbol/axjs",
"AAIT","iShares Trust iShares MSCI All Country Asia Information Techno","29.25","4387500","n/a","n/a","n/a","n/a","http://www.nasdaq.com/symbol/aait",
"EEML","iShares Trust iShares MSCI Emerging Markets Latin America Inde","48.63","14589000","n/a","n/a","n/a","n/a","http://www.nasdaq.com/symbol/eeml",
"EEMA","iShares, Inc. iShares MSCI Emerging Markets Asia Index Fund","56.465","124223000","n/a","n/a","n/a","n/a","http://www.nasdaq.com/symbol/eema",
"EMDI","iShares, Inc. iShares MSCI Emerging Markets Consumer Discrecti","52.28","2614000","n/a","n/a","n/a","n/a","http://www.nasdaq.com/symbol/emdi",
"EEME","iShares, Inc. iShares MSCI Emerging Markets EMEA Index Fund","51.66","5166000","n/a","n/a","n/a","n/a","http://www.nasdaq.com/symbol/eeme",
"EMEY","iShares, Inc. iShares MSCI Emerging Markets Energy Sector Capp","39.2501","1962505","n/a","n/a","n/a","n/a","http://www.nasdaq.com/symbol/emey",
"EGRW","iShares, Inc. iShares MSCI Emerging Markets Growth Index Fund","56","5600000","n/a","n/a","n/a","n/a","http://www.nasdaq.com/symbol/egrw",
"EVAL","iShares, Inc. iShares MSCI Emerging Markets Value Index Fund","47.79","11947500","n/a","n/a","n/a","n/a","http://www.nasdaq.com/symbol/eval",
"JMBA","Jamba, Inc.","3.02","252210428.74","n/a","n/a","Consumer Services","Restaurants","http://www.nasdaq.com/symbol/jmba",
"JFBI","Jefferson Bancshares, Inc.","5.55","36641194.35","n/a","n/a","Finance","Savings Institutions","http://www.nasdaq.com/symbol/jfbi",
"JOUT","Johnson Outdoors Inc.","24.65","244721305.3","n/a","n/a","Consumer Non-Durables","Recreational Products/Toys","http://www.nasdaq.com/symbol/jout",
"TAX","JTH Holding Inc. D/B/A Liberty Tax Service","16.38","212626388.52","n/a","n/a","Consumer Services","Other Consumer Services","http://www.nasdaq.com/symbol/tax",
"KBIO","KaloBios Pharmaceuticals, Inc.","5.68","137328234.08","n/a","n/a","Health Care","Major Pharmaceuticals","http://www.nasdaq.com/symbol/kbio",
"KNDI","Kandi Technologies Group, Inc.","3.8","123651494.6","n/a","n/a","Capital Goods","Auto Manufacturing","http://www.nasdaq.com/symbol/kndi",
"KFFB","Kentucky First Federal Bancorp","8.05","68659995.6","n/a","n/a","Finance","Savings Institutions","http://www.nasdaq.com/symbol/kffb",
"KEQU","Kewaunee Scientific Corporation","13.15","34077725.3","n/a","n/a","Capital Goods","Medical Specialities","http://www.nasdaq.com/symbol/kequ",
"KTEC","Key Technology, Inc.","14.69","90643220.07","n/a","1993","Technology","Industrial Machinery/Components","http://www.nasdaq.com/symbol/ktec",
"KTCC","Key Tronic Corporation","11.47","120307178.32","n/a","1983","Technology","Computer peripheral equipment","http://www.nasdaq.com/symbol/ktcc",
"KONA","Kona Grill, Inc.","10.25","87705795.75","n/a","2005","Consumer Services","Restaurants","http://www.nasdaq.com/symbol/kona",
"KOSS","Koss Corporation","4.84","35732093.76","n/a","n/a","Consumer Non-Durables","Consumer Electronics/Appliances","http://www.nasdaq.com/symbol/koss",
"KUTV","Ku6 Media Co., Ltd.","1.25","18571525","14857220","n/a","Consumer Services","Telecommunications Equipment","http://www.nasdaq.com/symbol/kutv",
"LSBK","Lake Shore Bancorp, Inc.","11.6","68661931.2","n/a","n/a","Finance","Savings Institutions","http://www.nasdaq.com/symbol/lsbk",
"LAKE","Lakeland Industries, Inc.","4.05","21682549.8","n/a","1986","Health Care","Industrial Specialties","http://www.nasdaq.com/symbol/lake",
"LACO","Lakes Entertainment, Inc.","3.67","97038235.12","n/a","n/a","Consumer Services","Services-Misc. Amusement & Recreation","http://www.nasdaq.com/symbol/laco",
"LARK","Landmark Bancorp Inc.","21.52","62917034.08","n/a","n/a","Finance","Major Banks","http://www.nasdaq.com/symbol/lark",
"LTRE","Learning Tree International, Inc.","3.18","42031599.12","n/a","1995","Consumer Services","Other Consumer Services","http://www.nasdaq.com/symbol/ltre",
"LMAT","LeMaitre Vascular, Inc.","6.71","102327473.16","n/a","2006","Health Care","Medical/Dental Instruments","http://www.nasdaq.com/symbol/lmat",
"LWAY","Lifeway Foods, Inc.","17.42","284747616.14","n/a","n/a","Consumer Non-Durables","Packaged Foods","http://www.nasdaq.com/symbol/lway",
"LGND","Ligand Pharmaceuticals Incorporated","29.73","601585331.07","n/a","n/a","Health Care","Major Pharmaceuticals","http://www.nasdaq.com/symbol/lgnd",
"LTON","Linktone Ltd.","3.72","88858970.4","23886820","2004","Technology","Telecommunications Equipment","http://www.nasdaq.com/symbol/lton",
"LPDX","LipoScience, Inc.","6.54","95974755.06","n/a","n/a","Health Care","Biotechnology: In Vitro & In Vivo Diagnostic Substances","http://www.nasdaq.com/symbol/lpdx",
"JADE","LJ International, Inc.","1.95","62541710.4","n/a","1998","Consumer Non-Durables","Consumer Specialties","http://www.nasdaq.com/symbol/jade",
"LNBB","LNB Bancorp, Inc.","9.44","87826946.88","n/a","n/a","Finance","Major Banks","http://www.nasdaq.com/symbol/lnbb",
"LABC","Louisiana Bancorp, Inc.","16.649","47752695.098","n/a","n/a","Finance","Savings Institutions","http://www.nasdaq.com/symbol/labc",
"LSBI","LSB Financial Corp.","22.56","35121001.92","n/a","n/a","Finance","Savings Institutions","http://www.nasdaq.com/symbol/lsbi",
"MAGS","Magal Security Systems Ltd.","3.67","59261405.74","n/a","1993","Consumer Durables","Telecommunications Equipment","http://www.nasdaq.com/symbol/mags",
"CALL","magicJack VocalTec Ltd","15.3","283838256","n/a","1992","Public Utilities","Telecommunications Equipment","http://www.nasdaq.com/symbol/call",
"MAG","Magnetek, Inc.","16.46","53001232.92","n/a","n/a","Capital Goods","Industrial Machinery/Components","http://www.nasdaq.com/symbol/mag",
"MGYR","Magyar Bancorp, Inc.","5.4","31359657.6","n/a","n/a","Finance","Savings Institutions","http://www.nasdaq.com/symbol/mgyr",
"MLVF","Malvern Bancorp, Inc.","11.99","78636091.27","n/a","n/a","Finance","Banks","http://www.nasdaq.com/symbol/mlvf",
"MNKD","MannKind Corporation","6.58","1914005540.58","n/a","2004","Health Care","Major Pharmaceuticals","http://www.nasdaq.com/symbol/mnkd",
"MATR","Mattersight Corporation","3.26","55852765","n/a","n/a","Consumer Services","Professional Services","http://www.nasdaq.com/symbol/matr",
"MFLR","Mayflower Bancorp, Inc.","18.02","37195190.12","n/a","n/a","Finance","Major Banks","http://www.nasdaq.com/symbol/mflr",
"MNOV","MediciNova, Inc.","2.99","58800087.19","n/a","n/a","Health Care","Major Pharmaceuticals","http://www.nasdaq.com/symbol/mnov",
"MEMS","MEMSIC, Inc.","4.08","99129736.32","n/a","2007","Technology","Semiconductors","http://www.nasdaq.com/symbol/mems",
"MACK","Merrimack Pharmaceuticals, Inc.","5.49","527522680.8","n/a","1983","Health Care","Major Pharmaceuticals","http://www.nasdaq.com/symbol/mack",
"MERU","Meru Networks, Inc.","4.19","92607380","n/a","2010","Technology","Computer Communications Equipment","http://www.nasdaq.com/symbol/meru",
"MLAB","Mesa Laboratories, Inc.","53.39","180432466.02","n/a","1972","Capital Goods","Industrial Machinery/Components","http://www.nasdaq.com/symbol/mlab",
"CASH","Meta Financial Group, Inc.","26.89","147838907.46","n/a","1993","Finance","Savings Institutions","http://www.nasdaq.com/symbol/cash",
"MBLX","Metabolix, Inc.","1.69","58077233.63","n/a","2006","Basic Industries","Containers/Packaging","http://www.nasdaq.com/symbol/mblx",
"MFRI","MFRI, Inc.","7.71","53445403.89","n/a","1989","Capital Goods","Pollution Control Equipment","http://www.nasdaq.com/symbol/mfri",
"MFI","MicroFinancial Incorporated","7.43","107684149.08","n/a","1999","Finance","Diversified Financial Services","http://www.nasdaq.com/symbol/mfi",
"MVIS","Microvision, Inc.","2.962","74867195.066","n/a","1993","Capital Goods","Industrial Machinery/Components","http://www.nasdaq.com/symbol/mvis",
"MVISW","Microvision, Inc.","0.03","0","n/a","n/a","Capital Goods","Industrial Machinery/Components","http://www.nasdaq.com/symbol/mvisw",
"MPB","Mid Penn Bancorp","10.86","37912585.8","n/a","n/a","Finance","Major Banks","http://www.nasdaq.com/symbol/mpb",
"MNDO","MIND C.T.I. Ltd.","1.84","34557809.12","n/a","n/a","Technology","EDP Services","http://www.nasdaq.com/symbol/mndo",
"MSON","MISONIX, Inc.","5.54","39056922.44","n/a","1992","Capital Goods","Medical Specialities","http://www.nasdaq.com/symbol/mson",
"MITL","Mitel Networks Corporation","3.55","190644758.95","n/a","n/a","Technology","Radio And Television Broadcasting And Communications Equipment","http://www.nasdaq.com/symbol/mitl",
"MOCO","MOCON, Inc.","13.61","75278488.76","n/a","n/a","Capital Goods","Industrial Machinery/Components","http://www.nasdaq.com/symbol/moco",
"MPAC","MOD-PAC CORP.","8.38","23077061.88","n/a","n/a","Consumer Durables","Containers/Packaging","http://www.nasdaq.com/symbol/mpac",
"MRCC","Monroe Capital Corporation","15.19","87561129.67","n/a","n/a","n/a","n/a","http://www.nasdaq.com/symbol/mrcc",
"MHGC","Morgans Hotel Group Co.","7.11","230495947.38","n/a","2006","Consumer Services","Hotels/Resorts","http://www.nasdaq.com/symbol/mhgc",
"MOSY","MoSys, Inc.","4.66","188834598.36","n/a","2001","Technology","Semiconductors","http://www.nasdaq.com/symbol/mosy",
"MSBF","MSB Financial Corp.","7.14","35813790.18","n/a","n/a","Finance","Savings Institutions","http://www.nasdaq.com/symbol/msbf",
"MFSF","MutualFirst Financial Inc.","15.4","109266495.8","n/a","n/a","Finance","Major Banks","http://www.nasdaq.com/symbol/mfsf",
"NSPH","Nanosphere, Inc.","3.88","217321764.32","n/a","2007","Health Care","Medical/Dental Instruments","http://www.nasdaq.com/symbol/nsph",
"NATH","Nathan&#39;s Famous, Inc.","51.32","227370180.8","n/a","1993","Consumer Services","Restaurants","http://www.nasdaq.com/symbol/nath",
"NAUH","National American University Holdings, Inc.","3.7","94690607.2","n/a","n/a","Consumer Services","Other Consumer Services","http://www.nasdaq.com/symbol/nauh",
"NSEC","National Security Group, Inc.","8.14","20078124","n/a","n/a","Finance","Life Insurance","http://www.nasdaq.com/symbol/nsec",
"NTSC","National Technical Systems, Inc.","12.99","149277260.94","n/a","n/a","Health Care","Precision Instruments","http://www.nasdaq.com/symbol/ntsc",
"NAII","Natural Alternatives International, Inc.","4.65","32086185.75","n/a","n/a","Consumer Durables","Specialty Chemicals","http://www.nasdaq.com/symbol/naii",
"NVSL","Naugatuck Valley Financial Corporation","7.255","50801019.04","n/a","n/a","Finance","Savings Institutions","http://www.nasdaq.com/symbol/nvsl",
"NAVR","Navarre Corporation","2.32","126182190","n/a","1993","Technology","Retail: Computer Software & Peripheral Equipment","http://www.nasdaq.com/symbol/navr",
"NLST","Netlist, Inc.","0.6","18245731.8","n/a","2006","Technology","Semiconductors","http://www.nasdaq.com/symbol/nlst",
"NCBC","New Century Bancorp, Inc. (NC)","6.37","44058143.22","n/a","n/a","Finance","Major Banks","http://www.nasdaq.com/symbol/ncbc",
"NHTB","New Hampshire Thrift Bancshares, Inc.","12.91","91202552.99","n/a","n/a","Finance","Savings Institutions","http://www.nasdaq.com/symbol/nhtb",
"NLNK","NewLink Genetics Corporation","16.78","429649198.42","n/a","n/a","Health Care","Major Pharmaceuticals","http://www.nasdaq.com/symbol/nlnk",
"NFSB","Newport Bancorp, Inc.","16.88","59834907.36","n/a","n/a","Finance","Savings Institutions","http://www.nasdaq.com/symbol/nfsb",
"NXST","Nexstar Broadcasting Group, Inc.","27.6","799620244.8","n/a","2003","Consumer Services","Broadcasting","http://www.nasdaq.com/symbol/nxst",
"NINE","Ninetowns Internet Technology Group Company Limited","1.6","49565286.4","30978304","1995","Technology","Computer Software: Prepackaged Software","http://www.nasdaq.com/symbol/nine",
"NBN","Northeast Bancorp","9.64","92213155.2","n/a","n/a","Finance","Major Banks","http://www.nasdaq.com/symbol/nbn",
"NECB","Northeast Community Bancorp, Inc.","6.35","80294175.2","n/a","n/a","Finance","Savings Institutions","http://www.nasdaq.com/symbol/necb",
"NTIC","Northern Technologies International Corporation","10.7","47314009","n/a","n/a","Capital Goods","Industrial Specialties","http://www.nasdaq.com/symbol/ntic",
"NWFL","Norwood Financial Corp.","30.84","111657792.84","n/a","n/a","Finance","Major Banks","http://www.nasdaq.com/symbol/nwfl",
"NVDQ","Novadaq Technologies Inc","13.61","647945846.31","n/a","n/a","Health Care","Biotechnology: Electromedical & Electrotherapeutic Apparatus","http://www.nasdaq.com/symbol/nvdq",
"NPSP","NPS Pharmaceuticals, Inc.","15.56","1575191781.8","n/a","1994","Health Care","Biotechnology: Biological Products (No Diagnostic Substances)","http://www.nasdaq.com/symbol/npsp",
"NMRX","Numerex Corp.","11.05","215475000","n/a","n/a","Consumer Durables","Telecommunications Equipment","http://www.nasdaq.com/symbol/nmrx",
"PATH","NuPathe Inc.","3.29","102227524.84","n/a","1997","Health Care","Major Pharmaceuticals","http://www.nasdaq.com/symbol/path",
"OPTT","Ocean Power Technologies, Inc.","1.65","17170804.2","n/a","2007","Public Utilities","Electric Utilities: Central","http://www.nasdaq.com/symbol/optt",
"OSHC","Ocean Shore Holding Co.","14.19","98909209.74","n/a","1993","Finance","Savings Institutions","http://www.nasdaq.com/symbol/oshc",
"OPAY","Official Payments Holdings, Inc.","6.47","108207366.19","n/a","1999","Miscellaneous","Business Services","http://www.nasdaq.com/symbol/opay",
"OFS","OFS Capital Corporation","11.83","113863631.7","n/a","n/a","n/a","n/a","http://www.nasdaq.com/symbol/ofs",
"OVBC","Ohio Valley Banc Corp.","20.37","82747095.48","n/a","n/a","Finance","Major Banks","http://www.nasdaq.com/symbol/ovbc",
"OFLX","Omega Flex, Inc.","13.21","133312968.62","n/a","n/a","Capital Goods","Industrial Specialties","http://www.nasdaq.com/symbol/oflx",
"OMER","Omeros Corporation","5.51","142867506.17","n/a","2009","Health Care","Major Pharmaceuticals","http://www.nasdaq.com/symbol/omer",
"OMTH","Omthera Pharmaceuticals, Inc.","13.17","321534632.07","n/a","n/a","Health Care","Major Pharmaceuticals","http://www.nasdaq.com/symbol/omth",
"OTIV","On Track Innovations Ltd","1.1","34935243.2","n/a","n/a","Technology","Semiconductors","http://www.nasdaq.com/symbol/otiv",
"ONFC","Oneida Financial Corp.","13.051","91678002.396","n/a","n/a","Finance","Savings Institutions","http://www.nasdaq.com/symbol/onfc",
"OBAS","Optibase Ltd.","4.8","18331444.8","n/a","1999","Finance","Real Estate","http://www.nasdaq.com/symbol/obas",
"OCC","Optical Cable Corporation","4.44","27586017.48","n/a","1987","Basic Industries","Telecommunications Equipment","http://www.nasdaq.com/symbol/occ",
"ORBC","ORBCOMM Inc.","3.92","185353005.6","n/a","2006","Consumer Services","Telecommunications Equipment","http://www.nasdaq.com/symbol/orbc",
"OSIR","Osiris Therapeutics, Inc.","11.5","378714308.5","n/a","2006","Health Care","Biotechnology: Biological Products (No Diagnostic Substances)","http://www.nasdaq.com/symbol/osir",
"OSN","Ossen Innovation Co., Ltd.","0.73","14528430.07","n/a","2010","Basic Industries","Steel/Iron Ore","http://www.nasdaq.com/symbol/osn",
"OTEL","Otelco Inc.","9.62","0","n/a","n/a","Public Utilities","Telecommunications Equipment","http://www.nasdaq.com/symbol/otel",
"OVAS","Ovascience Inc.","12.5","227403975","n/a","n/a","Health Care","Major Pharmaceuticals","http://www.nasdaq.com/symbol/ovas",
"OSTK","Overstock.com, Inc.","25.03","591963154.38","n/a","2002","Consumer Services","Catalog/Specialty Distribution","http://www.nasdaq.com/symbol/ostk",
"PFIN","P & F Industries, Inc.","8.76","32224877.64","n/a","n/a","Technology","Industrial Machinery/Components","http://www.nasdaq.com/symbol/pfin",
"PTSI","P.A.M. Transportation Services, Inc.","11.07","95929044.39","n/a","1986","Transportation","Trucking Freight/Courier Services","http://www.nasdaq.com/symbol/ptsi",
"PPBI","Pacific Premier Bancorp Inc","11.83","182625991.73","n/a","n/a","Finance","Major Banks","http://www.nasdaq.com/symbol/ppbi",
"PRGN","Paragon Shipping Inc.","4.62","50826481.86","n/a","2007","Transportation","Marine Transportation","http://www.nasdaq.com/symbol/prgn",
"PATK","Patrick Industries, Inc.","19.71","209205290.7","n/a","n/a","Basic Industries","Forest Products","http://www.nasdaq.com/symbol/patk",
"PNBK","Patriot National Bancorp Inc.","1.335","51370952.19","n/a","n/a","Finance","Major Banks","http://www.nasdaq.com/symbol/pnbk",
"PCMI","PCM, Inc.","7.68","88026255.36","n/a","n/a","Consumer Services","Catalog/Specialty Distribution","http://www.nasdaq.com/symbol/pcmi",
"PCTI","PC-Tel, Inc.","7.38","136239117.3","n/a","1999","Technology","Radio And Television Broadcasting And Communications Equipment","http://www.nasdaq.com/symbol/pcti",
"PDII","PDI, Inc.","4.48","67915420.16","n/a","1998","Miscellaneous","Business Services","http://www.nasdaq.com/symbol/pdii",
"PENX","Penford Corporation","11.88","147530924.64","n/a","n/a","Consumer Non-Durables","Packaged Foods","http://www.nasdaq.com/symbol/penx",
"PEBK","Peoples Bancorp of North Carolina, Inc.","12.194","68450958.03","n/a","n/a","Finance","Major Banks","http://www.nasdaq.com/symbol/pebk",
"PRCP","Perceptron, Inc.","7.2","61670498.4","n/a","1992","Capital Goods","Electronic Components","http://www.nasdaq.com/symbol/prcp",
"PTIX","Performance Technologies, Incorporated","1.32","14673644.04","n/a","1996","Technology","Computer Communications Equipment","http://www.nasdaq.com/symbol/ptix",
"PERI","Perion Network Ltd","13.7","165283787","n/a","1995","Technology","EDP Services","http://www.nasdaq.com/symbol/peri",
"PTX","Pernix Therapeutics Holdings, Inc.","3.68","138384052.16","n/a","1993","Health Care","Major Pharmaceuticals","http://www.nasdaq.com/symbol/ptx",
"PGTI","PGT, Inc.","8.16","425196914.4","n/a","2006","Capital Goods","Building Products","http://www.nasdaq.com/symbol/pgti",
"PHII","PHI, Inc.","35.2","544671987.2","n/a","1996","Transportation","Transportation Services","http://www.nasdaq.com/symbol/phii",
"PHIIK","PHI, Inc.","36.11","552902164.88","n/a","n/a","Transportation","Transportation Services","http://www.nasdaq.com/symbol/phiik",
"PXLW","Pixelworks, Inc.","3.52","65525380.8","n/a","2000","Technology","Semiconductors","http://www.nasdaq.com/symbol/pxlw",
"PLNR","Planar Systems, Inc.","1.71","36323291.61","n/a","1993","Capital Goods","Industrial Machinery/Components","http://www.nasdaq.com/symbol/plnr",
"PLXT","PLX Technology, Inc.","4.61","210068360.14","n/a","1999","Technology","Semiconductors","http://www.nasdaq.com/symbol/plxt",
"PBIB","Porter Bancorp, Inc.","0.8636","10484082.41","n/a","2006","Finance","Major Banks","http://www.nasdaq.com/symbol/pbib",
"PTLA","Portola Pharmaceuticals, Inc.","17.6","0","n/a","n/a","Health Care","Major Pharmaceuticals","http://www.nasdaq.com/symbol/ptla",
"PSTR","PostRock Energy Corporation","1.42","34454519.32","n/a","n/a","Energy","Oil & Gas Production","http://www.nasdaq.com/symbol/pstr",
"PSCC","PowerShares Exchange-Traded Fund Trust II PowerShares S&P Smal","41.6029","24961740","n/a","n/a","n/a","n/a","http://www.nasdaq.com/symbol/pscc",
"PSCD","PowerShares Exchange-Traded Fund Trust II PowerShares S&P Smal","40.73","77387000","n/a","n/a","n/a","n/a","http://www.nasdaq.com/symbol/pscd",
"PSCE","PowerShares Exchange-Traded Fund Trust II PowerShares S&P Smal","40.7","30525000","n/a","n/a","n/a","n/a","http://www.nasdaq.com/symbol/psce",
"PSCF","PowerShares Exchange-Traded Fund Trust II PowerShares S&P Smal","35.6799","82063770","n/a","n/a","n/a","n/a","http://www.nasdaq.com/symbol/pscf",
"PSCH","PowerShares Exchange-Traded Fund Trust II PowerShares S&P Smal","42.4184","108166920","n/a","n/a","n/a","n/a","http://www.nasdaq.com/symbol/psch",
"PSCI","PowerShares Exchange-Traded Fund Trust II PowerShares S&P Smal","36.979","46223750","n/a","n/a","n/a","n/a","http://www.nasdaq.com/symbol/psci",
"PSCM","PowerShares Exchange-Traded Fund Trust II PowerShares S&P Smal","36.7399","7347980","n/a","1994","n/a","n/a","http://www.nasdaq.com/symbol/pscm",
"PSCT","PowerShares Exchange-Traded Fund Trust II PowerShares S&P Smal","35.932","131151800","n/a","n/a","n/a","n/a","http://www.nasdaq.com/symbol/psct",
"PSCU","PowerShares Exchange-Traded Fund Trust II PowerShares S&P Smal","33.1001","31445095","n/a","n/a","n/a","n/a","http://www.nasdaq.com/symbol/pscu",
"PRFZ","PowerShares FTSE RAFI US 1500 Small-Mid Portfolio","82.71","603783000","n/a","n/a","n/a","n/a","http://www.nasdaq.com/symbol/prfz",
"PAGG","PowerShares Global Agriculture Portfolio","31.33","106522000","n/a","n/a","n/a","n/a","http://www.nasdaq.com/symbol/pagg",
"PSAU","PowerShares Global Gold & Precious Metals Portfolio","24.339","23122050","n/a","n/a","n/a","n/a","http://www.nasdaq.com/symbol/psau",
"PMNA","PowerShares MENA Frontier Countries Portfolio","11.799","16754580","n/a","n/a","n/a","n/a","http://www.nasdaq.com/symbol/pmna",
"PNQI","PowerShares NASDAQ Internet Portfolio","48.708","73062000","n/a","n/a","n/a","n/a","http://www.nasdaq.com/symbol/pnqi",
"QQQ","PowerShares QQQ Trust, Series 1","73.93","35272003000","n/a","n/a","n/a","n/a","http://www.nasdaq.com/symbol/qqq",
"PRXI","Premier Exhibitions, Inc.","2.08","102067734.08","n/a","n/a","Consumer Services","Services-Misc. Amusement & Recreation","http://www.nasdaq.com/symbol/prxi",
"PFBI","Premier Financial Bancorp, Inc.","12.51","99628288.92","n/a","1996","Finance","Major Banks","http://www.nasdaq.com/symbol/pfbi",
"PBMD","Prima BioMed Ltd","2.351","2506315025.188","n/a","n/a","Health Care","Major Pharmaceuticals","http://www.nasdaq.com/symbol/pbmd",
"PRMW","Primo Water Corporation","1.77","42172313.82","n/a","2010","Consumer Non-Durables","Food Distributors","http://www.nasdaq.com/symbol/prmw",
"PFPT","Proofpoint, Inc.","20.14","686218961.74","n/a","n/a","Technology","EDP Services","http://www.nasdaq.com/symbol/pfpt",
"PRPH","ProPhase Labs, Inc.","1.55","24559846.1","n/a","n/a","Health Care","Major Pharmaceuticals","http://www.nasdaq.com/symbol/prph",
"BIB","ProShares Trust ProShares Ultra Nasdaq Biotechnology","101.75","122100000","n/a","n/a","n/a","n/a","http://www.nasdaq.com/symbol/bib",
"BIS","ProShares Trust ProShares UltraShort Nasdaq Biotechnology","35.16","2636753.88","n/a","1976","n/a","n/a","http://www.nasdaq.com/symbol/bis",
"TQQQ","ProShares UltraPro QQQ","74.29","230299000","n/a","n/a","n/a","n/a","http://www.nasdaq.com/symbol/tqqq",
"SQQQ","ProShares UltraPro Short QQQ ","26.32","205296000","n/a","n/a","n/a","n/a","http://www.nasdaq.com/symbol/sqqq",
"PRTA","Prothena Corporation plc","10.55","186515370.1","n/a","n/a","Health Care","Major Pharmaceuticals","http://www.nasdaq.com/symbol/prta",
"PWX","Providence and Worcester Railroad Company","16.77","81219424.26","n/a","n/a","Transportation","Railroads","http://www.nasdaq.com/symbol/pwx",
"PBIP","Prudential Bancorp, Inc. of Pennsylvania","8.76","87805816.2","n/a","n/a","Finance","Banks","http://www.nasdaq.com/symbol/pbip",
"PSDV","pSivida Corp.","3.44","80141717.84","n/a","n/a","Capital Goods","Biotechnology: Laboratory Analytical Instruments","http://www.nasdaq.com/symbol/psdv",
"QCCO","QC Holdings, Inc.","2.98","52865319.2","n/a","2004","Finance","Investment Bankers/Brokers/Service","http://www.nasdaq.com/symbol/qcco",
"QCRH","QCR Holdings, Inc.","15.67","77509492.54","n/a","n/a","Finance","Major Banks","http://www.nasdaq.com/symbol/qcrh",
"QLTY","Quality Distribution, Inc.","9.17","246852135.95","n/a","2003","Transportation","Trucking Freight/Courier Services","http://www.nasdaq.com/symbol/qlty",
"QBAK","Qualstar Corporation","1.65","20217643.05","n/a","2000","Technology","Electronic Components","http://www.nasdaq.com/symbol/qbak",
"QUIK","QuickLogic Corporation","2.36","105098222.2","n/a","1986","Technology","Semiconductors","http://www.nasdaq.com/symbol/quik",
"RDNT","RadNet, Inc.","2.68","107439045.28","n/a","n/a","Health Care","Medical Specialities","http://www.nasdaq.com/symbol/rdnt",
"RPTP","Raptor Pharmaceutical Corp.","7.44","398089133.76","n/a","n/a","Health Care","Major Pharmaceuticals","http://www.nasdaq.com/symbol/rptp",
"RCMT","RCM Technologies, Inc.","5.59","68920585.76","n/a","n/a","Technology","Professional Services","http://www.nasdaq.com/symbol/rcmt",
"RCPT","Receptos, Inc.","15","264069045","n/a","n/a","Health Care","Major Pharmaceuticals","http://www.nasdaq.com/symbol/rcpt",
"RECV","Recovery Energy, Inc.","1.74","32289065.16","n/a","n/a","Energy","Oil & Gas Production","http://www.nasdaq.com/symbol/recv",
"REDF","Rediff.com India Limited","2.83","26307555.48","9295956","n/a","Consumer Services","Newspapers/Magazines","http://www.nasdaq.com/symbol/redf",
"RGLS","Regulus Therapeutics Inc.","8.73","314343536.94","n/a","n/a","Health Care","Major Pharmaceuticals","http://www.nasdaq.com/symbol/rgls",
"REIS","Reis, Inc","18.18","198013287.6","n/a","n/a","Miscellaneous","Business Services","http://www.nasdaq.com/symbol/reis",
"FRBK","Republic First Bancorp, Inc.","3.11","80775709.67","n/a","n/a","Finance","Major Banks","http://www.nasdaq.com/symbol/frbk",
"RFIL","RF Industries, Ltd.","6.8","51033802.8","n/a","n/a","Capital Goods","Electrical Products","http://www.nasdaq.com/symbol/rfil",
"RGCO","RGC Resources Inc.","20.085","94517519.46","n/a","n/a","Public Utilities","Oil & Gas Production","http://www.nasdaq.com/symbol/rgco",
"RICK","Rick&#39;s Cabaret International, Inc.","8.45","79894276.8","n/a","1995","Consumer Services","Restaurants","http://www.nasdaq.com/symbol/rick",
"ROCM","Rochester Medical Corporation","14.31","176544516.33","n/a","1990","Health Care","Medical/Dental Instruments","http://www.nasdaq.com/symbol/rocm",
"RMTI","Rockwell Medical, Inc.","3.99","156630877.41","n/a","1998","Health Care","Biotechnology: Electromedical & Electrotherapeutic Apparatus","http://www.nasdaq.com/symbol/rmti",
"RMCF","Rocky Mountain Chocolate Factory, Inc.","13.21","79924185.59","n/a","n/a","Consumer Non-Durables","Specialty Foods","http://www.nasdaq.com/symbol/rmcf",
"RBPAA","Royal Bancshares of Pennsylvania, Inc.","1.4797","16177782.055","n/a","n/a","Finance","Major Banks","http://www.nasdaq.com/symbol/rbpaa",
"SGNT","Sagent Pharmaceuticals, Inc.","18.04","507599237.2","n/a","1999","Health Care","Major Pharmaceuticals","http://www.nasdaq.com/symbol/sgnt",
"SALM","Salem Communications Corporation","7.64","146130937.04","n/a","1992","Consumer Services","Broadcasting","http://www.nasdaq.com/symbol/salm",
"GCVRZ","Sanofi","1.86","0","n/a","n/a","Health Care","Major Pharmaceuticals","http://www.nasdaq.com/symbol/gcvrz",
"SRPT","Sarepta Therapeutics, Inc.","37.78","1205542496.76","n/a","n/a","Health Care","Major Pharmaceuticals","http://www.nasdaq.com/symbol/srpt",
"SVNT","Savient Pharmaceuticals Inc","0.5699","41948279.3814","n/a","n/a","Consumer Durables","Specialty Chemicals","http://www.nasdaq.com/symbol/svnt",
"SBFG","SB Financial Group, Inc.","8.34","40587685.86","n/a","n/a","Finance","Major Banks","http://www.nasdaq.com/symbol/sbfg",
"SNFCA","Security National Financial Corporation","7.08","77728849.08","n/a","n/a","Finance","Finance: Consumer Services","http://www.nasdaq.com/symbol/snfca",
"SNMX","Senomyx, Inc.","2","81256656","n/a","2004","Health Care","Biotechnology: Commercial Physical & Biological Resarch","http://www.nasdaq.com/symbol/snmx",
"SHLO","Shiloh Industries, Inc.","10.14","172427445.06","n/a","1993","Capital Goods","Industrial Specialties","http://www.nasdaq.com/symbol/shlo",
"SIFI","SI Financial Group, Inc.","10.6","107184624.2","n/a","n/a","Finance","Savings Institutions","http://www.nasdaq.com/symbol/sifi",
"SIGA","SIGA Technologies Inc.","3.84","200154347.52","n/a","1994","Health Care","Major Pharmaceuticals","http://www.nasdaq.com/symbol/siga",
"SILC","Silicom Ltd","33.16","234970566.24","n/a","n/a","Technology","Computer Communications Equipment","http://www.nasdaq.com/symbol/silc",
"MOBI","Sky-mobi Limited","3.42","31996466.64","9355692","1998","Technology","Computer Software: Prepackaged Software","http://www.nasdaq.com/symbol/mobi",
"SPU","SkyPeople Fruit Juice, Inc.","2.16","57588837.84","n/a","n/a","Consumer Non-Durables","Packaged Foods","http://www.nasdaq.com/symbol/spu",
"ISM","SLM Corporation","24.2499","0","n/a","n/a","Finance","Finance: Consumer Services","http://www.nasdaq.com/symbol/ism",
"JSM","SLM Corporation","24.24","0","n/a","n/a","Finance","Finance: Consumer Services","http://www.nasdaq.com/symbol/jsm",
"OSM","SLM Corporation","24.07","0","n/a","n/a","Finance","Finance: Consumer Services","http://www.nasdaq.com/symbol/osm",
"SMTX","SMTC Corporation","2.14","34976575.16","n/a","2000","Technology","Electrical Products","http://www.nasdaq.com/symbol/smtx",
"SCTY","SolarCity Corporation","48.44","3649906771","n/a","n/a","Basic Industries","Engineering & Construction","http://www.nasdaq.com/symbol/scty",
"SOMH","Somerset Hills Bancorp","12.07","64900824.52","n/a","n/a","Finance","Major Banks","http://www.nasdaq.com/symbol/somh",
"SORL","SORL Auto Parts, Inc.","2.63","50771942.23","n/a","n/a","Capital Goods","Auto Parts:O.E.M.","http://www.nasdaq.com/symbol/sorl",
"SOHO","Sotherly Hotels Inc.","4.48","45503032.96","n/a","n/a","Consumer Services","Real Estate Investment Trusts","http://www.nasdaq.com/symbol/soho",
"SDBT","SoundBite Communications, Inc.","5.13","84743752.5","n/a","2007","Miscellaneous","Business Services","http://www.nasdaq.com/symbol/sdbt",
"SOCB","Southcoast Financial Corporation","5.51","38978417.73","n/a","n/a","Finance","Major Banks","http://www.nasdaq.com/symbol/socb",
"SFST","Southern First Bancshares, Inc.","11.15","47593083.7","n/a","n/a","Finance","Major Banks","http://www.nasdaq.com/symbol/sfst",
"SMBC","Southern Missouri Bancorp, Inc.","25.25","82241169","n/a","n/a","Finance","Banks","http://www.nasdaq.com/symbol/smbc",
"SONA","Southern National Bancorp of Virginia, Inc.","10.12","117292945.44","n/a","n/a","Finance","Major Banks","http://www.nasdaq.com/symbol/sona",
"SPAN","Span-America Medical Systems, Inc.","19.2","56676364.8","n/a","1983","Health Care","Industrial Specialties","http://www.nasdaq.com/symbol/span",
"SPCHA","Sport Chalet, Inc.","1.55","21994982.05","n/a","n/a","Consumer Services","Other Specialty Stores","http://www.nasdaq.com/symbol/spcha",
"SPCHB","Sport Chalet, Inc.","1.69","23981625.59","n/a","n/a","Consumer Services","Other Specialty Stores","http://www.nasdaq.com/symbol/spchb",
"STAA","STAAR Surgical Company","8.99","330352958.86","n/a","1983","Health Care","Ophthalmic Goods","http://www.nasdaq.com/symbol/staa",
"STSI","Star Scientific, Inc.","1.49","248072348.41","n/a","n/a","Consumer Durables","Specialty Chemicals","http://www.nasdaq.com/symbol/stsi",
"STXS","Stereotaxis, Inc.","1.66","13526397.12","n/a","2004","Health Care","Biotechnology: Electromedical & Electrotherapeutic Apparatus","http://www.nasdaq.com/symbol/stxs",
"SDIX","Strategic Diagnostics Inc.","1","21117060","n/a","n/a","Basic Industries","Major Chemicals","http://www.nasdaq.com/symbol/sdix",
"STRT","Strattec Security Corporation","37.73","125773181.38","n/a","n/a","Capital Goods","Auto Parts:O.E.M.","http://www.nasdaq.com/symbol/strt",
"SCMP","Sucampo Pharmaceuticals, Inc.","8.79","368878406.31","n/a","2007","Health Care","Major Pharmaceuticals","http://www.nasdaq.com/symbol/scmp",
"SSBI","Summit State Bank","9.25","43888660","n/a","2006","n/a","n/a","http://www.nasdaq.com/symbol/ssbi",
"SGC","Superior Uniform Group, Inc.","11.5","70412085","n/a","n/a","Consumer Non-Durables","Apparel","http://www.nasdaq.com/symbol/sgc",
"SUPN","Supernus Pharmaceuticals, Inc.","6.9","213799370.4","n/a","n/a","Health Care","Major Pharmaceuticals","http://www.nasdaq.com/symbol/supn",
"SPPR","Supertel Hospitality, Inc.","1","23151912","n/a","1994","Consumer Services","Real Estate Investment Trusts","http://www.nasdaq.com/symbol/sppr",
"SPPRO","Supertel Hospitality, Inc.","25.24","8392300","n/a","n/a","Consumer Services","Real Estate Investment Trusts","http://www.nasdaq.com/symbol/sppro",
"SPPRP","Supertel Hospitality, Inc.","10.07","8088928.9","n/a","n/a","Consumer Services","Real Estate Investment Trusts","http://www.nasdaq.com/symbol/spprp",
"SBBX","Sussex Bancorp","6.6","22596505.8","n/a","n/a","Finance","Major Banks","http://www.nasdaq.com/symbol/sbbx",
"SYNC","Synacor, Inc.","3.86","105387889.32","n/a","1996","Technology","Computer Software: Programming, Data Processing","http://www.nasdaq.com/symbol/sync",
"SYNL","Synalloy Corporation","14.78","94132859.3","n/a","1990","Basic Industries","Steel/Iron Ore","http://www.nasdaq.com/symbol/synl",
"SGYP","Synergy Pharmaceuticals, Inc.","5.23","471652330.7","n/a","n/a","Health Care","Major Pharmaceuticals","http://www.nasdaq.com/symbol/sgyp",
"SNTA","Synta Pharmaceuticals Corp.","7.27","502600334.17","n/a","2007","Health Care","Major Pharmaceuticals","http://www.nasdaq.com/symbol/snta",
"SYMX","Synthesis Energy Systems, Inc.","0.849","53858783.043","n/a","1991","Basic Industries","Major Chemicals","http://www.nasdaq.com/symbol/symx",
"SYPR","Sypris Solutions, Inc.","3.34","67918121.78","n/a","n/a","Capital Goods","Industrial Machinery/Components","http://www.nasdaq.com/symbol/sypr",
"TBAC","Tandy Brands Accessories, Inc.","0.6201","4421135.0313","n/a","n/a","Consumer Non-Durables","Apparel","http://www.nasdaq.com/symbol/tbac",
"TLF","Tandy Leather Factory, Inc.","7.4","75202070.8","n/a","n/a","Consumer Non-Durables","Apparel","http://www.nasdaq.com/symbol/tlf",
"TATT","TAT Technologies Ltd.","6.3","55430991","n/a","n/a","Capital Goods","Aerospace","http://www.nasdaq.com/symbol/tatt",
"TTGT","TechTarget, Inc.","4.39","168745142.31","n/a","2007","Miscellaneous","Business Services","http://www.nasdaq.com/symbol/ttgt",
"TTPH","Tetraphase Pharmaceuticals, Inc.","7.99","165168760.65","n/a","n/a","Health Care","Major Pharmaceuticals","http://www.nasdaq.com/symbol/ttph",
"THRD","TF Financial Corporation","24.81","70495704.63","n/a","n/a","Finance","Banks","http://www.nasdaq.com/symbol/thrd",
"DXYN","The Dixie Group, Inc.","7.37","97738574.23","n/a","n/a","Consumer Durables","Home Furnishings","http://www.nasdaq.com/symbol/dxyn",
"XONE","The ExOne Company","49","650798792","n/a","n/a","Capital Goods","Industrial Machinery/Components","http://www.nasdaq.com/symbol/xone",
"FBMS","The First Bancshares, Inc.","12.71","39937806.85","n/a","n/a","Finance","Major Banks","http://www.nasdaq.com/symbol/fbms",
"HCKT","The Hackett Group, Inc.","5.1","161272092.9","n/a","n/a","Consumer Services","Professional Services","http://www.nasdaq.com/symbol/hckt",
"TMNG","The Management Network Group, Inc.","2.85","22913384.4","n/a","1999","Consumer Services","Professional Services","http://www.nasdaq.com/symbol/tmng",
"TST","TheStreet, Inc.","1.98","67088244.96","n/a","n/a","Consumer Services","Newspapers/Magazines","http://www.nasdaq.com/symbol/tst",
"OINK","Tianli Agritech, Inc.","0.64","7164160","n/a","2010","Consumer Non-Durables","Farming/Seeds/Milling","http://www.nasdaq.com/symbol/oink",
"TSBK","Timberland Bancorp, Inc.","8.18","57628394.48","n/a","n/a","Finance","Banks","http://www.nasdaq.com/symbol/tsbk",
"TOFC","Tower Financial Corporation","14.51","67691239.44","n/a","n/a","Finance","Major Banks","http://www.nasdaq.com/symbol/tofc",
"CLUB","Town Sports International Holdings, Inc.","11.24","269973661.16","n/a","2006","Consumer Services","Hotels/Resorts","http://www.nasdaq.com/symbol/club",
"TSRE","Trade Street Residential, Inc.","9.6","60831561.6","n/a","n/a","Consumer Services","Real Estate Investment Trusts","http://www.nasdaq.com/symbol/tsre",
"TWMC","Trans World Entertainment Corp.","4.59","146488041.54","n/a","n/a","Consumer Services","Consumer Electronics/Video Chains","http://www.nasdaq.com/symbol/twmc",
"TSON","TranS1 Inc.","1.95","53271630.75","n/a","2007","Health Care","Medical/Dental Instruments","http://www.nasdaq.com/symbol/tson",
"TACT","TransAct Technologies Incorporated","7.95","68583155.4","n/a","1996","Technology","Computer peripheral equipment","http://www.nasdaq.com/symbol/tact",
"TRNS","Transcat, Inc.","7.25","53791752","n/a","n/a","Capital Goods","Electrical Products","http://www.nasdaq.com/symbol/trns",
"TSPT","Transcept Pharmaceuticals, Inc.","3.04","57018328.16","n/a","n/a","Health Care","Major Pharmaceuticals","http://www.nasdaq.com/symbol/tspt",
"TTHI","Transition Therapeutics, Inc.","3.06","82379184.12","n/a","n/a","Consumer Durables","Specialty Chemicals","http://www.nasdaq.com/symbol/tthi",
"TZYM","Tranzyme, Inc.","0.57","15732249.09","n/a","n/a","Health Care","Major Pharmaceuticals","http://www.nasdaq.com/symbol/tzym",
"TREE","Tree.com, Inc.","19.46","218947456.84","n/a","1994","Finance","Finance: Consumer Services","http://www.nasdaq.com/symbol/tree",
"TSRX","Trius Therapeutics, Inc.","7.67","367179191.08","n/a","2010","Health Care","Major Pharmaceuticals","http://www.nasdaq.com/symbol/tsrx",
"TBOW","Trunkbow International Holdings Ltd.","0.862","31727698.65","n/a","n/a","Technology","Computer Software: Prepackaged Software","http://www.nasdaq.com/symbol/tbow",
"UBIC","UBIC, Inc.","7.9","0","n/a","n/a","Technology","EDP Services","http://www.nasdaq.com/symbol/ubic",
"ULBI","Ultralife Corporation","3.84","67042471.68","n/a","1992","Energy","Industrial Machinery/Components","http://www.nasdaq.com/symbol/ulbi",
"UNAM","Unico American Corporation","13.47","71945250.09","n/a","n/a","Finance","Property-Casualty Insurers","http://www.nasdaq.com/symbol/unam",
"UNIS","Unilife Corporation","3.45","314741502.45","n/a","n/a","Health Care","Medical/Dental Instruments","http://www.nasdaq.com/symbol/unis",
"UNB","Union Bankshares, Inc.","21.46","95646275.76","n/a","n/a","Finance","Major Banks","http://www.nasdaq.com/symbol/unb",
"UBOH","United Bancshares, Inc.","12","41360952","n/a","n/a","Finance","Major Banks","http://www.nasdaq.com/symbol/uboh",
"UCBA","United Community Bancorp","9.76","83618214.4","n/a","n/a","Finance","Savings Institutions","http://www.nasdaq.com/symbol/ucba",
"USLM","United States Lime & Minerals, Inc.","51.07","283819992.9","n/a","n/a","Basic Industries","Mining & Quarrying of Nonmetallic Minerals (No Fuels)","http://www.nasdaq.com/symbol/uslm",
"UG","United-Guardian, Inc.","25.97","119369520.83","n/a","n/a","Consumer Non-Durables","Package Goods/Cosmetics","http://www.nasdaq.com/symbol/ug",
"UNTK","UniTek Global Services, Inc.","1.96","36676984.12","n/a","2010","Public Utilities","Telecommunications Equipment","http://www.nasdaq.com/symbol/untk",
"UNTY","Unity Bancorp, Inc.","6.99","52761736.26","n/a","1989","Finance","Major Banks","http://www.nasdaq.com/symbol/unty",
"USAT","USA Technologies, Inc.","1.84","60830357.68","n/a","n/a","Miscellaneous","Office Equipment/Supplies/Services","http://www.nasdaq.com/symbol/usat",
"USATP","USA Technologies, Inc.","18.7","8322678.1","n/a","n/a","Miscellaneous","Office Equipment/Supplies/Services","http://www.nasdaq.com/symbol/usatp",
"USATZ","USA Technologies, Inc.","0.92","0","n/a","n/a","Miscellaneous","Office Equipment/Supplies/Services","http://www.nasdaq.com/symbol/usatz",
"UTMD","Utah Medical Products, Inc.","47.09","175316070","n/a","n/a","Health Care","Medical/Dental Instruments","http://www.nasdaq.com/symbol/utmd",
"VALU","Value Line, Inc.","9.01","88999897.02","n/a","1983","Finance","Investment Managers","http://www.nasdaq.com/symbol/valu",
"VVTV","ValueVision Media, Inc.","5.01","247323469.62","n/a","n/a","Consumer Services","Catalog/Specialty Distribution","http://www.nasdaq.com/symbol/vvtv",
"VNDA","Vanda Pharmaceuticals Inc.","9.2","260790394.4","n/a","2006","Health Care","Major Pharmaceuticals","http://www.nasdaq.com/symbol/vnda",
"VGIT","Vanguard Intermediate -Term Government Bond ETF","64.82","181496000","n/a","n/a","n/a","n/a","http://www.nasdaq.com/symbol/vgit",
"VCIT","Vanguard Intermediate-Term Corporate Bond ETF","86.64","3500256000","n/a","n/a","n/a","n/a","http://www.nasdaq.com/symbol/vcit",
"VNQI","Vanguard International Equity Index Funds Vanguard Global ex-U","56.075","813087500","n/a","n/a","n/a","n/a","http://www.nasdaq.com/symbol/vnqi",
"VCLT","Vanguard Long-Term Corporate Bond ETF","88.39","804349000","n/a","n/a","n/a","n/a","http://www.nasdaq.com/symbol/vclt",
"VGLT","Vanguard Long-Term Government Bond ETF","71.751","208077900","n/a","n/a","n/a","n/a","http://www.nasdaq.com/symbol/vglt",
"VTIP","Vanguard Malvern Funds Vanguard Short-Term Inflation-Protected","49.59","590121000","n/a","n/a","n/a","n/a","http://www.nasdaq.com/symbol/vtip",
"VMBS","Vanguard Mortgage-Backed Securities ETF","51.65","439025000","n/a","n/a","n/a","n/a","http://www.nasdaq.com/symbol/vmbs",
"VONE","Vanguard Scottsdale Funds Vanguard Russell 1000 ETF","76","212800000","n/a","1996","n/a","n/a","http://www.nasdaq.com/symbol/vone",
"VONG","Vanguard Scottsdale Funds Vanguard Russell 1000 Growth ETF","77.33","123728000","n/a","n/a","n/a","n/a","http://www.nasdaq.com/symbol/vong",
"VONV","Vanguard Scottsdale Funds Vanguard Russell 1000 Value ETF","75.15","172845000","n/a","n/a","n/a","n/a","http://www.nasdaq.com/symbol/vonv",
"VTWO","Vanguard Scottsdale Funds Vanguard Russell 2000 ETF","78.85","228665000","n/a","n/a","n/a","n/a","http://www.nasdaq.com/symbol/vtwo",
"VTWG","Vanguard Scottsdale Funds Vanguard Russell 2000 Growth ETF","82.5","49500000","n/a","n/a","n/a","n/a","http://www.nasdaq.com/symbol/vtwg",
"VTWV","Vanguard Scottsdale Funds Vanguard Russell 2000 Value ETF","75.328","37664000","n/a","n/a","n/a","n/a","http://www.nasdaq.com/symbol/vtwv",
"VTHR","Vanguard Scottsdale Funds Vanguard Russell 3000 ETF","76.48","61184000","n/a","n/a","n/a","n/a","http://www.nasdaq.com/symbol/vthr",
"VGSH","Vanguard Short Term Government Bond ETF","60.9","249690000","n/a","n/a","n/a","n/a","http://www.nasdaq.com/symbol/vgsh",
"VCSH","Vanguard Short-Term Corporate Bond ETF","80.18","6213950000","n/a","n/a","n/a","n/a","http://www.nasdaq.com/symbol/vcsh",
"VXUS","Vanguard STAR Funds Vanguard Total International Stock ETF","49.05","1643175000","n/a","n/a","n/a","n/a","http://www.nasdaq.com/symbol/vxus",
"VSTM","Verastem, Inc.","9.48","201822744.12","n/a","n/a","Health Care","Major Pharmaceuticals","http://www.nasdaq.com/symbol/vstm",
"VRNM","Verenium Corporation","2.27","29021709.38","n/a","n/a","Basic Industries","Major Chemicals","http://www.nasdaq.com/symbol/vrnm",
"VRTA","Vestin Realty Mortgage I, Inc.","2.13","13506029.67","n/a","1999","Consumer Services","Real Estate Investment Trusts","http://www.nasdaq.com/symbol/vrta",
"VIAS","Viasystems Group, Inc.","12.73","263585648.72","n/a","1995","Technology","Electrical Products","http://www.nasdaq.com/symbol/vias",
"VIDE","Video Display Corporation","4.0421","30584994.281","n/a","1985","Capital Goods","Electrical Products","http://www.nasdaq.com/symbol/vide",
"VIMC","Vimicro International Corporation","1.3499","31290294.5787","23179713","2005","Technology","Semiconductors","http://www.nasdaq.com/symbol/vimc",
"VIRC","Virco Manufacturing Corporation","2.06","29973764.26","n/a","n/a","Consumer Durables","Industrial Specialties","http://www.nasdaq.com/symbol/virc",
"VTSS","Vitesse Semiconductor Corporation","2.37","89249675.67","n/a","1991","Technology","Semiconductors","http://www.nasdaq.com/symbol/vtss",
"VSBN","VSB Bancorp, Inc. (NY)","10.75","19192071.75","n/a","n/a","Finance","Major Banks","http://www.nasdaq.com/symbol/vsbn",
"WAYN","Wayne Savings Bancshares Inc.","10.1","29783657.7","n/a","n/a","Finance","Savings Institutions","http://www.nasdaq.com/symbol/wayn",
"WSTG","Wayside Technology Group, Inc.","11.66","55058170.2","n/a","n/a","Technology","Retail: Computer Software & Peripheral Equipment","http://www.nasdaq.com/symbol/wstg",
"WLB","Westmoreland Coal Company","12.07","174565440.78","n/a","n/a","Energy","Coal Mining","http://www.nasdaq.com/symbol/wlb",
"WLBPZ","Westmoreland Coal Company","29.25","4678830","n/a","n/a","Energy","Coal Mining","http://www.nasdaq.com/symbol/wlbpz",
"WLDN","Willdan Group, Inc.","2.96","21764205.12","n/a","2006","Consumer Services","Military/Government/Technical","http://www.nasdaq.com/symbol/wldn",
"WLFC","Willis Lease Finance Corporation","13.45","118617298.5","n/a","1996","Consumer Durables","Industrial Specialties","http://www.nasdaq.com/symbol/wlfc",
"WINA","Winmark Corporation","60.24","301235240.4","n/a","1992","Consumer Services","Other Specialty Stores","http://www.nasdaq.com/symbol/wina",
"WETF","WisdomTree Investments, Inc.","12.74","1626554083.7","n/a","n/a","Finance","Investment Bankers/Brokers/Service","http://www.nasdaq.com/symbol/wetf",
"GULF","WisdomTree Middle East Dividend Fund","18.19","18190000","n/a","n/a","n/a","n/a","http://www.nasdaq.com/symbol/gulf",
"CHXF","WisdomTree Trust WisdomTree China Dividend Ex-Financials Fund","50.83","35581101.66","n/a","n/a","n/a","n/a","http://www.nasdaq.com/symbol/chxf",
"EMCB","WisdomTree Trust WisdomTree Emerging Markets Corporate Bond Fu","77.89","132413155.78","n/a","n/a","n/a","n/a","http://www.nasdaq.com/symbol/emcb",
"GLCB","WisdomTree Trust WisdomTree Global Corporate Bond Fund","74.98","7498149.96","n/a","n/a","n/a","n/a","http://www.nasdaq.com/symbol/glcb",
"DGRW","WisdomTree Trust WisdomTree U.S. Dividend Growth Fund","24.9","3735099.6","n/a","n/a","n/a","n/a","http://www.nasdaq.com/symbol/dgrw",
"WMGIZ","Wright Medical Group, Inc.","2.96","0","n/a","n/a","Health Care","Industrial Specialties","http://www.nasdaq.com/symbol/wmgiz",
"WVFC","WVS Financial Corp.","11.3","23254609","n/a","n/a","Finance","Banks","http://www.nasdaq.com/symbol/wvfc",
"XOMA","XOMA Corporation","4.23","350638777.44","n/a","1986","Health Care","Major Pharmaceuticals","http://www.nasdaq.com/symbol/xoma",
"YY","YY Inc.","28.65","256990500","8970000","n/a","Technology","EDP Services","http://www.nasdaq.com/symbol/yy",
"ZN","Zion Oil & Gas Inc","1.73","56763908.84","n/a","n/a","Energy","Oil & Gas Production","http://www.nasdaq.com/symbol/zn",
"ZIPR","ZipRealty, Inc.","2.93","60923387.45","n/a","2004","Finance","Real Estate","http://www.nasdaq.com/symbol/zipr",
"ZGNX","Zogenix, Inc.","1.48","149196729.48","n/a","2010","Health Care","Major Pharmaceuticals","http://www.nasdaq.com/symbol/zgnx",
