公司代码,公司简称,公司全称,英文名称,注册地址,A股代码,A股简称,A股上市日期,A股总股本,A股流通股本,B股代码,B股 简 称,B股上市日期,B股总股本,B股流通股本,地 区,省 份,城 市,所属行业,公司网址
300001,特锐德,青岛特锐德电气股份有限公司,"QINGDAO TGOOD ELECTRIC CO.,LTD.",山东省青岛市崂山区松岭路336号,300001,特锐德,2009-10-30,200400000,192840000,,,,0,0,华东,山东,青岛市,C 制造业,www.qdtgood.com
300002,神州泰岳,北京神州泰岳软件股份有限公司,"Beijing Ultrapower Software Co., LTD",北京市海淀区万泉庄路28号万柳新贵大厦A座6层601室,300002,神州泰岳,2009-10-30,613413920,315687336,,,,0,0,华北,北京,北京市,I 信息技术,www.ultrapower.com.cn
300003,乐普医疗,乐普（北京）医疗器械股份有限公司,"Lepu Medical Technology (Beijing) Co.,Ltd.",北京市昌平区超前路37号,300003,乐普医疗,2009-10-30,812000000,686106725,,,,0,0,华北,北京,北京市,C 制造业,www.lepumedical.com
300004,南风股份,南方风机股份有限公司,"NanFang Ventilator Co., Ltd.",广东省佛山市南海区狮山大道,300004,南风股份,2009-10-30,188000000,137032416,,,,0,0,华南,广东,佛山市,C 制造业,www.ntfan.com
300005,探路者,北京探路者户外用品股份有限公司,"Beijing Toread Outdoor Products Co.,Ltd.",北京市昌平区科技园区永安路26号609,300005,探路者,2009-10-30,423192674,225752975,,,,0,0,华北,北京,北京市,C 制造业,www.toread.com.cn
300006,莱美药业,重庆莱美药业股份有限公司,"Chongqing Lummy Pharmaceutical Co.,Ltd.",重庆市南岸区月季路8号,300006,莱美药业,2009-10-30,183000000,106753195,,,,0,0,西南,重庆,重庆市,C 制造业,www.cqlummy.com
300007,汉威电子,河南汉威电子股份有限公司,"HENAN HANWEI ELECTRONICS CO.,LTD",河南省郑州高新技术开发区雪松路169号,300007,汉威电子,2009-10-30,118000000,67850081,,,,0,0,华中,河南,郑州市,C 制造业,www.hwsensor.com
300008,上海佳豪,上海佳豪船舶工程设计股份有限公司,"SHANGHAI BESTWAY MARINE ENGINEERING DESIGN CO.,LTD.",上海市松江区莘砖公路518号10幢8层,300008,上海佳豪,2009-10-30,218484000,155724269,,,,0,0,华东,上海,上海市,M 科研服务,www.bestwaysh.com
300009,安科生物,安徽安科生物工程(集团)股份有限公司,"ANHUI ANKE BIOTECHNOLOGY (GROUP)CO.,LTD.",安徽省合肥市长江西路669号高新区海关路K-1,300009,安科生物,2009-10-30,193895000,103347189,,,,0,0,华东,安徽,合肥市,C 制造业,www.ankebio.com
300010,立思辰,北京立思辰科技股份有限公司,"BEIJING LANXUM TECHNOLOGY CO.,LTD.",北京市门头沟区石龙南路6号1幢6-206室,300010,立思辰,2009-10-30,260867333,147239055,,,,0,0,华北,北京,北京市,I 信息技术,www.lanxum.com
300011,鼎汉技术,北京鼎汉技术股份有限公司,"Beijing Dinghan Technology Co.,Ltd.",北京市丰台区南四环西路188号十八区2号楼,300011,鼎汉技术,2009-10-30,231192000,179418578,,,,0,0,华北,北京,北京市,C 制造业,www.dinghantech.com
300012,华测检测,深圳市华测检测技术股份有限公司,"CENTRE TESTING INTERNATIONAL (SHENZHEN) CO.,LTD.",广东省深圳市宝安区70区留仙三路6号鸿威工业园C栋厂房1楼,300012,华测检测,2009-10-30,369205950,176013316,,,,0,0,华南,广东,深圳市,M 科研服务,www.cti-cert.com
300013,新宁物流,江苏新宁现代物流股份有限公司,"JIANGSU XINNING MODERN LOGISTICS CO.,LTD.",江苏省昆山市张浦镇阳光西路760号,300013,新宁物流,2009-10-30,90000000,49095000,,,,0,0,华东,江苏,苏州市,G 运输仓储,www.xinning.com.cn
300014,亿纬锂能,惠州亿纬锂能股份有限公司,EVE Energy Co. Ltd.,广东省惠州市仲恺高新区75号小区,300014,亿纬锂能,2009-10-30,198330000,153378217,,,,0,0,华南,广东,惠州市,C 制造业,www.evebattery.com
300015,爱尔眼科,爱尔眼科医院集团股份有限公司,"Aier Eye Hospital Group Co.,Ltd.",湖南省长沙市芙蓉区长冲路99号隆平高科技园省科研成果转化中心一楼,300015,爱尔眼科,2009-10-30,432646500,340445220,,,,0,0,华中,湖南,长沙市,Q 卫生,www.aierchina.com
300016,北陆药业,北京北陆药业股份有限公司,"Beijing Beilu Pharmaceutical Co.,Ltd",北京市昌平区科技园区白浮泉路10号,300016,北陆药业,2009-10-30,305498208,243195096,,,,0,0,华北,北京,北京市,C 制造业,www.beilu.com.cn
300017,网宿科技,网宿科技股份有限公司,"Wangsu Science & Technology Co.,Ltd.",上海市嘉定环城路200号,300017,网宿科技,2009-10-30,155191286,100323887,,,,0,0,华东,上海,上海市,I 信息技术,www.chinanetcenter.com
300018,中元华电,武汉中元华电科技股份有限公司,"Wuhan Zhongyuan Huadian Science & Technology Co.,Ltd.",湖北省武汉东湖新技术开发区华中科技大学科技园六路6号,300018,中元华电,2009-10-30,130000000,100697500,,,,0,0,华中,湖北,武汉市,C 制造业,www.zyhd.com.cn
300019,硅宝科技,成都硅宝科技股份有限公司,"Chengdu Guibao Science & Technology Co.,Ltd",四川省成都高新区新园大道16号,300019,硅宝科技,2009-10-30,163200000,118554240,,,,0,0,西南,四川,成都市,C 制造业,www.cnguibao.com
300020,银江股份,银江股份有限公司,"Enjoyor Co., Ltd.",浙江省杭州市益乐路223号一幢一层,300020,银江股份,2009-10-30,240866000,235727214,,,,0,0,华东,浙江,杭州市,I 信息技术,www.enjoyor.net
300021,大禹节水,甘肃大禹节水集团股份有限公司,"GanSu DaYu Water-saving Group Co.,Ltd.",甘肃省酒泉市解放路290号,300021,大禹节水,2009-10-30,278600000,162463087,,,,0,0,西北,甘肃,酒泉市,C 制造业,www.gsdyjsgs.com
300022,吉峰农机,吉峰农机连锁股份有限公司,"Gifore Agriculatural Machinery Chain Co., Ltd.",四川省成都市郫县成都现代工业港北部园区港通北二路219号,300022,吉峰农机,2009-10-30,357400000,315805997,,,,0,0,西南,四川,成都市,F 批发零售,www.gifore.com
300023,宝德股份,西安宝德自动化股份有限公司,"Bode Energy Equipment Co., Ltd",陕西省西安市高新区科技路48号创业广场A座604室,300023,宝德股份,2009-10-30,90000000,34898438,,,,0,0,西北,陕西,西安市,C 制造业,www.bode-e.com
300024,机器人,沈阳新松机器人自动化股份有限公司,"SIASUN ROBOT&AUTOMATION CO., LTD",辽宁省沈阳市浑南新区金辉街16号,300024,机器人,2009-10-30,297660000,287229794,,,,0,0,东北,辽宁,沈阳市,C 制造业,www.siasun.com
300025,华星创业,杭州华星创业通信技术股份有限公司,"Hangzhou Huaxing Chuangye Communication Technology Co.,Ltd.",浙江省杭州市西湖区文三路553-555号浙江省中小企业科技楼10楼,300025,华星创业,2009-10-30,156000000,87071375,,,,0,0,华东,浙江,杭州市,I 信息技术,www.hxcy.com.cn
300026,红日药业,天津红日药业股份有限公司,"Tianjin Chase Sun Pharmaceutical Co., Ltd.",天津市新技术产业园区武清开发区泉发路西,300026,红日药业,2009-10-30,373972318,250637408,,,,0,0,华北,天津,天津市,C 制造业,www.chasesun.cn
300027,华谊兄弟,华谊兄弟传媒股份有限公司,HUAYI BROTHERS MEDIA CORPORATION,浙江省东阳市横店影视产业实验区C1001,300027,华谊兄弟,2009-10-30,604800000,408713700,,,,0,0,华东,浙江,金华市,R 文化传播,www.huayimedia.com
300028,金亚科技,成都金亚科技股份有限公司,"CHENGDU GEEYA TECHNOLOGY CO.,LTD",四川省成都市蜀西路50号,300028,金亚科技,2009-10-30,264600000,192607200,,,,0,0,西南,四川,成都市,C 制造业,www.geeya.cn
300029,天龙光电,江苏华盛天龙光电设备股份有限公司,"Jiang Su Hua Sheng Tian Long Photoelectric Equipment Co.,Ltd.",江苏省金坛经济开发区华城路318号,300029,天龙光电,2009-12-25,200000000,174792406,,,,0,0,华东,江苏,常州市,C 制造业,www.hstl.cn
300030,阳普医疗,广州阳普医疗科技股份有限公司,"GUANGZHOU IMPROVE MEDICAL INSTRUMENTS CO., LTD.",广东省广州市经济技术开发区科学城开源大道102号,300030,阳普医疗,2009-12-25,148000000,109062941,,,,0,0,华南,广东,广州市,C 制造业,www.improve-medical.com
300031,宝通带业,无锡宝通带业股份有限公司,"WUXI BOTON BELT CO.,LTD.",江苏省无锡市新区张公路19号,300031,宝通带业,2009-12-25,150000000,106678783,,,,0,0,华东,江苏,无锡市,C 制造业,www.btdy.com
300032,金龙机电,金龙机电股份有限公司,"JINLONG MACHINERY & ELECTRONIC CO., LTD.",浙江省温州市乐清市北白象镇进港大道边金龙科技园,300032,金龙机电,2009-12-25,142700000,128862500,,,,0,0,华东,浙江,温州市,C 制造业,www.kotl.com.cn
300033,同花顺,浙江核新同花顺网络信息股份有限公司,"Hithink Flush Information Network Co.,Ltd.",浙江省杭州市文二路202号802室,300033,同花顺,2009-12-25,134400000,61466635,,,,0,0,华东,浙江,杭州市,I 信息技术,www.10jqka.com.cn
300034,钢研高纳,北京钢研高纳科技股份有限公司,"Beijing cisri-Gaona Materials & Technology Co., Ltd.",北京市海淀区大柳树南村19号,300034,钢研高纳,2009-12-25,211988154,211988154,,,,0,0,华北,北京,北京市,C 制造业,www.cisri-gaona.com.cn
300035,中科电气,湖南中科电气股份有限公司,"Hunan Zhongke Electric Co.,Ltd.",湖南省岳阳市经济技术开发区八字门营盘岭,300035,中科电气,2009-12-25,179887500,109873250,,,,0,0,华中,湖南,岳阳市,C 制造业,www.cseco.cn
300036,超图软件,北京超图软件股份有限公司,"Beijing SuperMap Software Co.,Ltd.",北京市朝阳区酒仙桥北路甲10号电子城IT产业园201楼E门3层,300036,超图软件,2009-12-25,120000000,87228800,,,,0,0,华北,北京,北京市,I 信息技术,www.supermap.com.cn
300037,新宙邦,深圳新宙邦科技股份有限公司,"SHENZHEN CAPCHEM TECHNOLOGY CO.,LTD.",广东省深圳市龙岗区坪山沙坣同富裕工业区,300037,新宙邦,2010-01-08,171200000,91746248,,,,0,0,华南,广东,深圳市,C 制造业,www.capchem.com
300038,梅泰诺,北京梅泰诺通信技术股份有限公司,"Beijing Miteno Communication Technology Co.,Ltd",北京市西城区新街口外大街28号主楼302室（德胜园区）,300038,梅泰诺,2010-01-08,157309389,96936000,,,,0,0,华北,北京,北京市,C 制造业,www.meteno.com.cn
300039,上海凯宝,上海凯宝药业股份有限公司,"Shanghai Kaibao Pharmaceutical Co.,Ltd.",上海市工业综合开发区程普路88号,300039,上海凯宝,2010-01-08,526080000,385494000,,,,0,0,华东,上海,上海市,C 制造业,www.xykb.com
300040,九洲电气,哈尔滨九洲电气股份有限公司,"HARBIN JIUZHOU ELECTRIC CO.,LTD.",黑龙江省哈尔滨市南岗区哈平路162号,300040,九洲电气,2010-01-08,138900000,99224250,,,,0,0,东北,黑龙江,哈尔滨市,C 制造业,www.jze.com.cn
300041,回天胶业,湖北回天胶业股份有限公司,"HUBEI HUITIAN ADHESIVE ENTERPRISE CO.,Ltd",湖北省襄阳市国家高新技术开发区航天路7号,300041,回天胶业,2010-01-08,168954920,124272936,,,,0,0,华中,湖北,襄阳市,C 制造业,www.huitian.net.cn
300042,朗科科技,深圳市朗科科技股份有限公司,"Netac Technology Co.,Ltd.",广东省深圳市南山区高新技术产业园区高新南六道朗科大厦16、18、19楼,300042,朗科科技,2010-01-08,133600000,81180775,,,,0,0,华南,广东,深圳市,C 制造业,www.netac.com.cn
300043,星辉车模,广东星辉车模股份有限公司,"XINGHUI AUTO MODEL CO.,LTD.",广东省汕头市澄海区星辉工业园(上华镇夏岛路北侧),300043,星辉车模,2010-01-20,239074851,91390208,,,,0,0,华南,广东,汕头市,C 制造业,www.rastar.cn
300044,赛为智能,深圳市赛为智能股份有限公司,"Shenzhen Sunwin Intelligent Co.,Ltd.",广东省深圳市南山区高新区科技中二路软件园2号楼3楼,300044,赛为智能,2010-01-20,220000000,128746944,,,,0,0,华南,广东,深圳市,I 信息技术,www.szsunwin.com
300045,华力创通,北京华力创通科技股份有限公司,Hwa Create Corporation Ltd.,北京市海淀区东北旺西路8号院中关村软件园乙18号楼创通科技大厦,300045,华力创通,2010-01-20,268000000,140767500,,,,0,0,华北,北京,北京市,C 制造业,www.hwacreate.com.cn
300046,台基股份,湖北台基半导体股份有限公司,"HUBEI TECH SEMICONDUCTORS CO., LTD.",湖北省襄阳市襄城区胜利街162号,300046,台基股份,2010-01-20,142080000,89160000,,,,0,0,华中,湖北,襄阳市,C 制造业,www.tech-sem.com
300047,天源迪科,深圳天源迪科信息技术股份有限公司,"SHENZHEN TIANYUAN DIC INFORMATION TECHNOLOGY CO.,LTD.",广东省深圳市高新区南区市高新技术工业村T3栋B3楼,300047,天源迪科,2010-01-20,315439200,176647950,,,,0,0,华南,广东,深圳市,I 信息技术,www.tydic.com
300048,合康变频,北京合康亿盛变频科技股份有限公司,"Hiconics Drive Technology Co.,Ltd.",北京市石景山区古城西街19号中小企业基地院内,300048,合康变频,2010-01-20,338144800,266237800,,,,0,0,华北,北京,北京市,C 制造业,www.hiconics.com
300049,福瑞股份,内蒙古福瑞医疗科技股份有限公司,"Inner Mongolia Furui Medical Science Co.,Ltd.",内蒙古自治区乌兰察布盟集宁市解放路103号,300049,福瑞股份,2010-01-20,125060000,108830461,,,,0,0,华北,内蒙古,乌兰察布市,C 制造业,www.fu-rui.com
300050,世纪鼎利,珠海世纪鼎利通信科技股份有限公司,"Dingli Communications Corp.,Ltd.",广东省珠海市港湾大道科技五路8号一层,300050,世纪鼎利,2010-01-20,216000000,85087750,,,,0,0,华南,广东,珠海市,I 信息技术,www.dinglicom.com
300051,三五互联,厦门三五互联科技股份有限公司,"Xiamen 35.com Technology Co., Ltd.",福建省厦门市火炬高新技术产业开发区软件园二期观日路8号一层,300051,三五互联,2010-02-11,160500000,84816575,,,,0,0,华东,福建,厦门市,I 信息技术,www.35.com
300052,中青宝,深圳中青宝互动网络股份有限公司,"SHENZHEN ZQGAME CO., LTD",广东省深圳市福田区深南中路电子科技大厦C座43层A1,300052,中青宝,2010-02-11,130000000,88486255,,,,0,0,华南,广东,深圳市,I 信息技术,www.zqgame.com
300053,欧比特,珠海欧比特控制工程股份有限公司,"Zhuhai Orbita Control Engineering Co.,Ltd.",广东省珠海市唐家东岸白沙路1号欧比特科技园,300053,欧比特,2010-02-11,200000000,147599750,,,,0,0,华南,广东,珠海市,C 制造业,www.myorbita.net
300054,鼎龙股份,湖北鼎龙化学股份有限公司,"Hubei Dinglong Chemical Co.,Ltd.",湖北省武汉市武汉经济技术开发区东荆河路1号,300054,鼎龙股份,2010-02-11,272400000,173863130,,,,0,0,华中,湖北,武汉市,C 制造业,www.dinglongchem.com
300055,万邦达,北京万邦达环保技术股份有限公司,"Beijing Water Business Doctor Co.,Ltd.",北京市朝阳区酒仙桥路10号,300055,万邦达,2010-02-26,228800000,168555530,,,,0,0,华北,北京,北京市,E 建筑业,www.waterbd.cn
300056,三维丝,厦门三维丝环保股份有限公司,"Xiamen Savings Environmental Co.,Ltd",福建省厦门火炬高新区（翔安）产业区春光路1178-1188号,300056,三维丝,2010-02-26,93600000,58801645,,,,0,0,华东,福建,厦门市,C 制造业,www.savings.com.cn
300057,万顺股份,汕头万顺包装材料股份有限公司,"SHANTOU WANSHUN PACKAGE MATERIAL CO.,LTD.",广东省汕头保税区万顺工业园,300057,万顺股份,2010-02-26,422000000,188450000,,,,0,0,华南,广东,汕头市,C 制造业,www.wanshun.cn
300058,蓝色光标,北京蓝色光标品牌管理顾问股份有限公司,"BlueFocus Communication Group Co., Ltd.",北京市朝阳区酒仙桥路甲10号3号楼20层20A,300058,蓝色光标,2010-02-26,396722241,247510624,,,,0,0,华北,北京,北京市,L 商务服务,www.bluefocusgroup.com
300059,东方财富,东方财富信息股份有限公司,"East Money Information Co., Ltd",上海市嘉定区宝安公路2999号1幢,300059,东方财富,2010-03-19,672000000,512496432,,,,0,0,华东,上海,上海市,I 信息技术,www.eastmoney.com
300061,康耐特,上海康耐特光学股份有限公司,"Shanghai Conant Optics Co.,Ltd.",上海市浦东新区川大路555号,300061,康耐特,2010-03-19,96000000,55683600,,,,0,0,华东,上海,上海市,C 制造业,www.conantoptical.com
300062,中能电气,福建中能电气股份有限公司,"FUJIAN CEE INSTALLATIONS CO.,LTD",福建省福州市仓山区金山工业区金洲北路,300062,中能电气,2010-03-19,154900000,77631400,,,,0,0,华东,福建,福州市,C 制造业,www.ceepower.com
300063,天龙集团,广东天龙油墨集团股份有限公司,"Guangdong Sky Dragon Printing Ink Group Co.,Ltd.",广东省肇庆市金渡工业园内,300063,天龙集团,2010-03-26,100500000,46448800,,,,0,0,华南,广东,肇庆市,C 制造业,www.tlym.cn
300064,豫金刚石,郑州华晶金刚石股份有限公司,"Zhengzhou Sino-Crystal Diamond Co.,LTD.",河南省郑州市高新开发区冬青街24号,300064,豫金刚石,2010-03-26,608000000,575550016,,,,0,0,华中,河南,郑州市,C 制造业,www.sinocrystal.com.cn
300065,海兰信,北京海兰信数据科技股份有限公司,"Beijing Highlander Digital Technology Co.,Ltd.",北京市海淀区中关村东路1号院清华科技园科技大厦C座1902室,300065,海兰信,2010-03-26,105252970,80404961,,,,0,0,华北,北京,北京市,C 制造业,www.highlander.com.cn
300066,三川股份,江西三川水表股份有限公司,"JIANGXI SANCHUAN WATER METER CO. , LTD.",江西省鹰潭市工业园区,300066,三川股份,2010-03-26,155974758,106090798,,,,0,0,华东,江西,鹰潭市,C 制造业,www.ytsanchuan.com
300067,安诺其,上海安诺其纺织化工股份有限公司,"Shanghai ANOKY Textile Chem Co.,Ltd..",上海市青浦工业园区崧华路881号,300067,安诺其,2010-04-21,160500000,90498557,,,,0,0,华东,上海,上海市,C 制造业,www.anoky.com.cn
300068,南都电源,浙江南都电源动力股份有限公司,"ZHEJIANG NARADA POWER SOURCE Co., Ltd.",浙江省杭州市临安经济开发区科技大道72号,300068,南都电源,2010-04-21,599200000,354731518,,,,0,0,华东,浙江,杭州市,C 制造业,www.naradapower.com
300069,金利华电,浙江金利华电气股份有限公司,"Zhejiang JinLiHua Electric Co.,LTD.",浙江省金华市金东经济开发区,300069,金利华电,2010-04-21,78000000,36590399,,,,0,0,华东,浙江,金华市,C 制造业,www.jlhdq.com
300070,碧水源,北京碧水源科技股份有限公司,"BEIJING ORIGINWATER TECHNOLOGY CO.,LTD.",北京市海淀区生命科学园路23-2号碧水源大厦,300070,碧水源,2010-04-21,885768866,512529690,,,,0,0,华北,北京,北京市,N 公共环保,www.originwater.com
300071,华谊嘉信,北京华谊嘉信整合营销顾问集团股份有限公司,"Spearhead Integrated Marketing Communication Co., LTD.",北京市石景山区中关村科技园区石景山园北Ⅱ区实兴大街鼎轩创业中心B1楼312房间,300071,华谊嘉信,2010-04-21,155265816,111111103,,,,0,0,华北,北京,北京市,L 商务服务,www.spearhead.com.cn
300072,三聚环保,北京三聚环保新材料股份有限公司,"Beijing Sanju Environmental Protection & New Materials Co.,Ltd.",北京市海淀区人大北路33号1号楼大行基业大厦9层,300072,三聚环保,2010-04-27,505804000,457123973,,,,0,0,华北,北京,北京市,C 制造业,www.sanju.cn
300073,当升科技,北京当升材料科技股份有限公司,"Beijing Easpring Material Technology Co.,Ltd.",北京市丰台区南四环西路188号总部基地18区21号,300073,当升科技,2010-04-27,160000000,152117473,,,,0,0,华北,北京,北京市,C 制造业,www.easpring.com.cn
300074,华平股份,华平信息技术股份有限公司,"AVCON Information Technology Co., Ltd.",上海市国定路335号,300074,华平股份,2010-04-27,220000000,125308506,,,,0,0,华东,上海,上海市,I 信息技术,www.avcon.com.cn
300075,数字政通,北京数字政通科技股份有限公司,"Beijing eGOVA Co., Ltd",北京市北京经济技术开发区宏达北路10号1幢7层726室,300075,数字政通,2010-04-27,126000000,74085765,,,,0,0,华北,北京,北京市,I 信息技术,www.egova.com.cn
300076,宁波GQY,宁波GQY视讯股份有限公司,"Ningbo GQY Video & Telecom Joint-Stock Co., Ltd.",浙江省宁波市海曙区环城西路南段88号,300076,宁波GQY,2010-04-30,106000000,81223263,,,,0,0,华东,浙江,宁波市,C 制造业,www.gqy.com.cn
300077,国民技术,国民技术股份有限公司,Nationz Technologies,广东省深圳市南山区高新技术产业园区深圳软件园3栋301、302,300077,国民技术,2010-04-30,272000000,249125750,,,,0,0,华南,广东,深圳市,C 制造业,www.nationz.com.cn
300078,中瑞思创,杭州中瑞思创科技股份有限公司,"HANGZHOU CENTURY CO.,LTD.",浙江省杭州市莫干山路1418-25号(上城科技经济园),300078,中瑞思创,2010-04-30,167500000,78629688,,,,0,0,华东,浙江,杭州市,C 制造业,www.century-cn.com
300079,数码视讯,北京数码视讯科技股份有限公司,"Sumavision Technologies Co.,Ltd",北京市海淀区上地信息产业基地开拓路15号1幢,300079,数码视讯,2010-04-30,338168618,287114511,,,,0,0,华北,北京,北京市,C 制造业,www.sumavision.com
300080,新大新材,河南新大新材料股份有限公司,"Henan Xindaxin Materials Co., Ltd.",河南省开封市精细化工产业园区,300080,新大新材,2010-06-25,502804021,185872465,,,,0,0,华中,河南,开封市,C 制造业,www.xindaxin.cn
300081,恒信移动,恒信移动商务股份有限公司,"Hengxin Mobile Business Co.,Ltd.",河北省石家庄市开发区天山大街副69号,300081,恒信移动,2010-05-20,134000000,82167756,,,,0,0,华北,河北,石家庄市,F 批发零售,www.hxgro.com
300082,奥克股份,辽宁奥克化学股份有限公司,"Liao Ning Oxiranchem, Inc.",辽宁省辽阳市宏伟区万和七路38号,300082,奥克股份,2010-05-20,336960000,336921000,,,,0,0,东北,辽宁,辽阳市,C 制造业,www.oxiranchem.com
300083,劲胜股份,东莞劲胜精密组件股份有限公司,"JANUS(Dongguan) Precision Components Co.,Ltd.",广东省东莞市长安镇上角村,300083,劲胜股份,2010-05-20,200000000,200000000,,,,0,0,华南,广东,东莞市,C 制造业,www.januscn.com
300084,海默科技,兰州海默科技股份有限公司,"Lanzhou Haimo Technologies Co.,Ltd.",甘肃省兰州市城关区张苏滩593号,300084,海默科技,2010-05-20,128000000,91254692,,,,0,0,西北,甘肃,兰州市,B 采矿业,www.haimo.com.cn
300085,银之杰,深圳市银之杰科技股份有限公司,"SHENZHEN INFOTECH TECHNOLOGIES CO.,LTD.",广东省深圳市福田区车公庙天安数码城天祥大厦AB座5B2,300085,银之杰,2010-05-26,120000000,62119266,,,,0,0,华南,广东,深圳市,I 信息技术,www.yinzhijie.com
300086,康芝药业,海南康芝药业股份有限公司,"HAINAN HONZ PHARMACEUTICAL CO., LTD.",海南省海口国家高新技术产业开发区药谷工业园药谷三路6号,300086,康芝药业,2010-05-26,200000000,70689656,,,,0,0,华南,海南,海口市,C 制造业,www.honz.com.cn
300087,荃银高科,安徽荃银高科种业股份有限公司,"Winall Hi-tech Seed Co.,Ltd.",安徽省合肥市高新区天智路3号,300087,荃银高科,2010-05-26,105600000,74614600,,,,0,0,华东,安徽,合肥市,A 农林牧渔,www.winallseed.com
300088,长信科技,芜湖长信科技股份有限公司,"Wuhu Token Science Co.,LTD.",安徽省芜湖市经济技术开发区汽经二路以东,300088,长信科技,2010-05-26,489450000,258753750,,,,0,0,华东,安徽,芜湖市,C 制造业,www.token-ito.com
300089,长城集团,广东长城集团股份有限公司,"The Great Wall Group Co., Ltd. Guangdong",广东省潮州市枫溪区蔡陇大道,300089,长城集团,2010-06-25,150000000,74537250,,,,0,0,华南,广东,潮州市,C 制造业,www.thegreatwall-china.com
300090,盛运股份,安徽盛运机械股份有限公司,"Anhui Shengyun Machinery Co.,Ltd.",安徽省桐城市区快活岭,300090,盛运股份,2010-06-25,255272170,135078170,,,,0,0,华东,安徽,安庆市,C 制造业,www.300090.com.cn
300091,金通灵,江苏金通灵流体机械科技股份有限公司,"JiangSu Jin Tong Ling Fluid Machinery Technology Co., Ltd.",江苏省南通市钟秀东路666号,300091,金通灵,2010-06-25,209000000,96698750,,,,0,0,华东,江苏,南通市,C 制造业,www.jtlfans.com
300092,科新机电,四川科新机电股份有限公司,"Sichuan Kexin Mechanical and Electrical Equipment Co.,Ltd.",四川省什邡市马祖镇,300092,科新机电,2010-07-08,91000000,24361086,,,,0,0,西南,四川,德阳市,C 制造业,www.sckxjd.com
300093,金刚玻璃,广东金刚玻璃科技股份有限公司,GUANGDONG GOLDEN GLASS TECHNOLOGIES LIMITED,广东省汕头市大学路叠金工业区,300093,金刚玻璃,2010-07-08,216000000,133372500,,,,0,0,华南,广东,汕头市,C 制造业,www.golden-glass.cn
300094,国联水产,湛江国联水产开发股份有限公司,"ZHANJIANG GUOLIAN AQUATIC PRODUCTS CO., LTD",广东省湛江开发区平乐工业区永平南路,300094,国联水产,2010-07-08,352000000,124955447,,,,0,0,华南,广东,湛江市,A 农林牧渔,www.gl-fish.com
300095,华伍股份,江西华伍制动器股份有限公司,"Jiangxi Huawu Brake Co., Ltd.",江西省丰城市工业园区新梅路7号,300095,华伍股份,2010-07-28,77000000,27000000,,,,0,0,华东,江西,宜春市,C 制造业,www.hua-wu.com
300096,易联众,易联众信息技术股份有限公司,"YLZ Information Technology CO.,Ltd",福建省厦门市软件园二期观日路18号502室,300096,易联众,2010-07-28,172000000,93870000,,,,0,0,华东,福建,厦门市,I 信息技术,www.ylzinfo.com
300097,智云股份,大连智云自动化装备股份有限公司,"Dalian Zhiyun Automation Co., Ltd",辽宁省大连市甘井子区营日路32号-1,300097,智云股份,2010-07-28,60000000,27309938,,,,0,0,东北,辽宁,大连市,C 制造业,www.zhiyun-cn.com
300098,高新兴,高新兴科技集团股份有限公司,"Gosuncn technology group Co., Ltd.",广东省广州市萝岗区科学城开创大道2819号六楼,300098,高新兴,2010-07-28,177840000,62109840,,,,0,0,华南,广东,广州市,C 制造业,www.gosuncn.com
300099,尤洛卡,尤洛卡矿业安全工程股份有限公司,"Uroica Mining Saftety Engineering Co.,LTD",山东省泰安市高新区凤祥路以西规划支路以北,300099,尤洛卡,2010-08-06,206700000,68882424,,,,0,0,华东,山东,泰安市,C 制造业,www.uroica.com.cn
300100,双林股份,宁波双林汽车部件股份有限公司,"Ningbo Shuanglin Auto Parts Co.,LTD",浙江省宁波市宁海县西店镇潢溪口,300100,双林股份,2010-08-06,140250000,50250000,,,,0,0,华东,浙江,宁波市,C 制造业,www.shuanglin.cn
300101,国腾电子,成都国腾电子技术股份有限公司,"Chengdu Goldtel Electronical Technology Co., Ltd.",四川省成都高新区高朋大道1号,300101,国腾电子,2010-08-06,278000000,164257348,,,,0,0,西南,四川,成都市,C 制造业,www.gotecom.com
300102,乾照光电,厦门乾照光电股份有限公司,"Xiamen Changelight Co.,LTD.",福建省厦门火炬高新区（翔安）产业区翔岳路19号,300102,乾照光电,2010-08-12,295000000,143102875,,,,0,0,华东,福建,厦门市,C 制造业,www.changelight.com.cn
300103,达刚路机,西安达刚路面机械股份有限公司,"XI""AN DAGANG ROAD MACHINERY CO.,LTD.",陕西省西安市高新技术产业开发区科技三路60号,300103,达刚路机,2010-08-12,211734000,64392035,,,,0,0,西北,陕西,西安市,C 制造业,www.sxdagang.com
300104,乐视网,乐视网信息技术（北京）股份有限公司,"LESHI INTERNET INFORMATION & TECHNOLOGY CORP,. BEIJING",北京市海淀区学院南路68号19号楼六层6184号房间,300104,乐视网,2010-08-12,418000000,162249918,,,,0,0,华北,北京,北京市,I 信息技术,www.letv.com
300105,龙源技术,烟台龙源电力技术股份有限公司,"YANTAI LONGYUAN POWER TECHNOLOGY CO., LTD.",山东省烟台市经济技术开发区衡山路9号,300105,龙源技术,2010-08-20,285120000,71280000,,,,0,0,华东,山东,烟台市,C 制造业,www.lypower.com
300106,西部牧业,新疆西部牧业股份有限公司,"Xinjiang Western Animal Husbandry Co.,Ltd",新疆维吾尔自治区石河子市西四路5-2号,300106,西部牧业,2010-08-20,117000000,60159878,,,,0,0,西北,新疆,石河子市,A 农林牧渔,www.xjxbmy.com
300107,建新股份,河北建新化工股份有限公司,"Hebei Jianxin Chemical Co., Ltd.",河北省沧州市临港化工园区（中捷农场）,300107,建新股份,2010-08-20,133800000,39300000,,,,0,0,华北,河北,沧州市,C 制造业,www.jianxinchemical.com
300108,双龙股份,通化双龙化工股份有限公司,"TONGHUA SHUANGLONG CHEMICAL CO., LTD.",吉林省通化市二道江区铁厂镇,300108,双龙股份,2010-08-25,135200000,81087646,,,,0,0,东北,吉林,通化市,C 制造业,www.thslhg.com
300109,新开源,博爱新开源制药股份有限公司,Boai NKY Pharmaceuticals Ltd.,河南省焦作市博爱县城东关,300109,新开源,2010-08-25,115200000,68215300,,,,0,0,华中,河南,焦作市,C 制造业,www.china-pvp.com
300110,华仁药业,华仁药业股份有限公司,"Huaren Pharmaceutial CO.,LTD",山东省青岛市高科技工业园株洲路187号,300110,华仁药业,2010-08-25,436627000,199310190,,,,0,0,华东,山东,青岛市,C 制造业,www.qdhuaren.com
300111,向日葵,浙江向日葵光能科技股份有限公司,"Zhejiang Sunflower Light Energy Science&Technology Co., ltd",浙江省绍兴袍江工业区三江路,300111,向日葵,2010-08-27,509000000,170004675,,,,0,0,华东,浙江,绍兴市,C 制造业,www.sunowe.com.cn
300112,万讯自控,深圳万讯自控股份有限公司,"Shenzhen Maxonic Automation Control Co.,Ltd",广东省深圳市南山区高新技术产业园北区三号路万讯自控大楼1-6层,300112,万讯自控,2010-08-27,161167500,40500000,,,,0,0,华南,广东,深圳市,C 制造业,www.maxonic.com.cn
300113,顺网科技,杭州顺网科技股份有限公司,"Hangzhou Shunwang Technology Co.,Ltd",浙江省杭州市西湖区文一西路75号3号楼,300113,顺网科技,2010-08-27,132000000,59521782,,,,0,0,华东,浙江,杭州市,I 信息技术,www.shunwang.com
300114,中航电测,中航电测仪器股份有限公司,"Zhonghang Electronic Measuring Instruments Co.,Ltd",陕西省汉中市经济开发区北区鑫源路,300114,中航电测,2010-08-27,120000000,33360000,,,,0,0,西北,陕西,汉中市,C 制造业,www.zemic.com.cn
300115,长盈精密,深圳市长盈精密技术股份有限公司,"Shenzhen Everwin Precision Technology Co.,Ltd",广东省深圳市宝安区福永镇桥头富桥工业3区3号厂,300115,长盈精密,2010-09-02,258000000,110475429,,,,0,0,华南,广东,深圳市,C 制造业,www.ewpt.cn
300116,坚瑞消防,陕西坚瑞消防股份有限公司,"Shaanxi J&R Fire Protection CO., LTD",陕西省西安市高新区科技二路65号6幢10701房,300116,坚瑞消防,2010-09-02,80000000,41999002,,,,0,0,西北,陕西,西安市,C 制造业,www.xajr.com
300117,嘉寓股份,北京嘉寓门窗幕墙股份有限公司,"Beijing JIAYU Door,Window and Curtain Wall Joint-Stock Co.,Ltd.",北京市顺义区牛栏山镇牛富路1号,300117,嘉寓股份,2010-09-02,217200000,96702800,,,,0,0,华北,北京,北京市,E 建筑业,www.jiayu.com.cn
300118,东方日升,东方日升新能源股份有限公司,"RISEN ENERNY CO.,LTD",浙江省宁波市宁海县梅林街道塔山工业园区,300118,东方日升,2010-09-02,560000000,280244356,,,,0,0,华东,浙江,宁波市,C 制造业,www.china.risenenergy.com
300119,瑞普生物,天津瑞普生物技术股份有限公司,"Tianjin Ringpu Bio-Technology Co.,Ltd.",天津市空港经济区环河北路与中心大道交口空港商务园西区2-1-201,300119,瑞普生物,2010-09-17,193946480,76360780,,,,0,0,华北,天津,天津市,C 制造业,www.ringpu.com
300120,经纬电材,天津经纬电材股份有限公司,"Tianjin Jingwei Electric Wire Co.,Ltd",天津市津南经济开发区（双港）旺港路12号,300120,经纬电材,2010-09-17,169650000,59758408,,,,0,0,华北,天津,天津市,C 制造业,www.jwdc.cn
300121,阳谷华泰,山东阳谷华泰化工股份有限公司,"Shandong Yanggu Huatai Chemical Co., Ltd.",山东省阳谷县清河西路217号,300121,阳谷华泰,2010-09-17,140400000,35100000,,,,0,0,华东,山东,聊城市,C 制造业,www.yghuatai.com
300122,智飞生物,重庆智飞生物制品股份有限公司,"Chongqing Zhifei Biological Products Co.,Ltd.",重庆市江北区金源路七号25层,300122,智飞生物,2010-09-28,400000000,83072500,,,,0,0,西南,重庆,重庆市,C 制造业,www.zhifeishengwu.com
300123,太阳鸟,太阳鸟游艇股份有限公司,Sunbird Yacht Company Limited,湖南省沅江市石矶湖,300123,太阳鸟,2010-09-28,139105521,73405521,,,,0,0,华中,湖南,益阳市,C 制造业,www.cnsunbird.com
300124,汇川技术,深圳市汇川技术股份有限公司,"Shenzhen Inovance Technology Co., Ltd",广东省深圳市福田区滨河路上沙创新科技园16栋3楼307-308号,300124,汇川技术,2010-09-28,388800000,118866690,,,,0,0,华南,广东,深圳市,C 制造业,www.inovance.cn
300125,易世达,大连易世达新能源发展股份有限公司,"Dalian East New Energy Development CO.,Ltd.",辽宁省大连高新园区火炬路32号B座16-20层,300125,易世达,2010-10-13,118000000,57484936,,,,0,0,东北,辽宁,大连市,M 科研服务,www.dleast.cc
300126,锐奇股份,上海锐奇工具股份有限公司,"SHANGHAI KEN TOOLS CO.,LTD.",上海市松江区新桥镇新茸路5号,300126,锐奇股份,2010-10-13,151560000,48753936,,,,0,0,华东,上海,上海市,C 制造业,www.kenpowertools.com
300127,银河磁体,成都银河磁体股份有限公司,"Chengdu Galaxy Magnets Co.,LTD.",四川省成都市高新技术开发区西区百草路6号,300127,银河磁体,2010-10-13,161573180,41000000,,,,0,0,西南,四川,成都市,C 制造业,www.galaxymagnets.com
300128,锦富新材,苏州锦富新材料股份有限公司,"SuZhou JinFu New Material Co.,Ltd",江苏省苏州工业园区江浦路39号,300128,锦富新材,2010-10-13,204460000,94250000,,,,0,0,华东,江苏,苏州市,C 制造业,www.jin-fu.cn
300129,泰胜风能,上海泰胜风能装备股份有限公司,"Shanghai Taisheng Wind Power Equipment Co., Ltd.",上海市金山区卫清东路1988号,300129,泰胜风能,2010-10-19,324000000,162079662,,,,0,0,华东,上海,上海市,C 制造业,www.shtsp.com
300130,新国都,深圳市新国都技术股份有限公司,"Shenzhen Xinguodu Technology Co.,Ltd.",广东省深圳市福田区深南路车公庙工业区泰然劲松大厦17A,300130,新国都,2010-10-19,114300000,47745000,,,,0,0,华南,广东,深圳市,C 制造业,www.xinguodu.com
300131,英唐智控,深圳市英唐智能控制股份有限公司,"ShenZhen Yitoa Intelligent Control Co.,Ltd.",广东省深圳市宝安区石岩镇龙马工业城A1栋五楼北侧,300131,英唐智控,2010-10-19,103230000,50006000,,,,0,0,华南,广东,深圳市,C 制造业,www.yitoa.com
300132,青松股份,福建青松股份有限公司,"Fujian Green Pine Co.,LTD",福建省建阳市回瑶工业园区,300132,青松股份,2010-10-26,192960000,59438578,,,,0,0,华东,福建,南平市,C 制造业,www.greenpine.cc
300133,华策影视,浙江华策影视股份有限公司,"Zhejiang Huace Film & TV Co.,Ltd.",浙江省杭州市西湖区文二西路683号西溪创意产业园C-C座,300133,华策影视,2010-10-26,580703100,222709466,,,,0,0,华东,浙江,杭州市,R 文化传播,www.huacemedia.com
300134,大富科技,深圳市大富科技股份有限公司,"Shenzhen Tatfook Technology Co.,Ltd",广东省深圳市宝安区沙井街道蚝乡第三工业区A1、A2、A3的101、A4的第一、二、三层,300134,大富科技,2010-10-26,320000000,107470000,,,,0,0,华南,广东,深圳市,C 制造业,www.tatfook.com
300135,宝利沥青,江苏宝利沥青股份有限公司,"Jiangsu Baoli Asphalt co.,Ltd",江苏省江阴市云亭镇工业园区,300135,宝利沥青,2010-10-26,512000000,203839701,,,,0,0,华东,江苏,无锡市,C 制造业,www.baolijt.cn
300136,信维通信,深圳市信维通信股份有限公司,"Shenzhen Sunway Communication Co., Ltd.",广东省深圳市宝安区沙井街道西环路蚝一西部工业区A栋、B栋,300136,信维通信,2010-11-05,133340000,83185618,,,,0,0,华南,广东,深圳市,C 制造业,www.sz-sunway.com.cn
300137,先河环保,河北先河环保科技股份有限公司,"Hebei Sailhero Environmental Protection High-tech Co., ltd.",河北省石家庄市高新技术开发区湘江道251号,300137,先河环保,2010-11-05,156000000,111644184,,,,0,0,华北,河北,石家庄市,C 制造业,www.sailhero.com.cn
300138,晨光生物,晨光生物科技集团股份有限公司,"CHENGUANG BIOTECH GROUP CO.,LTD",河北省曲周县城晨光路1号,300138,晨光生物,2010-11-05,179570872,53000000,,,,0,0,华北,河北,邯郸市,C 制造业,www.cn-cg.com
300139,福星晓程,北京福星晓程电子科技股份有限公司,"Beijing Fuxing Xiaocheng Electronic Technology Stock Co., Ltd",北京市海淀区西三环北路87号国际财经中心D座503,300139,福星晓程,2010-11-12,109600000,41952300,,,,0,0,华北,北京,北京市,C 制造业,www.xiaocheng.com
300140,启源装备,西安启源机电装备股份有限公司,"XI"" AN QIYUAN MECHANICAL AND ELECTRICAL EQUIPMENT CO.,LTD.",陕西省西安市经济技术开发区凤城十二路98号,300140,启源装备,2010-11-12,122000000,64832776,,,,0,0,西北,陕西,西安市,C 制造业,www.sdricom.com
300141,和顺电气,苏州工业园区和顺电气股份有限公司,"Suzhou Industrial Park Heshun Electric Co.,Ltd.",江苏省苏州工业园区和顺路8号,300141,和顺电气,2010-11-12,165600000,54046978,,,,0,0,华东,江苏,苏州市,C 制造业,www.cnheshun.com
300142,沃森生物,云南沃森生物技术股份有限公司,"Walvax Biotechnology Co.,Ltd.",云南省昆明市高新开发区北区云南大学科技园2期A3幢4楼,300142,沃森生物,2010-11-12,182232000,64342952,,,,0,0,西南,云南,昆明市,C 制造业,www.walvax.com
300143,星河生物,广东星河生物科技股份有限公司,"Starway Bio-technology Co., Ltd",广东省东莞市塘厦镇蛟坪大道83号,300143,星河生物,2010-12-09,147400000,83813799,,,,0,0,华南,广东,东莞市,A 农林牧渔,www.starway.com.cn
300144,宋城股份,杭州宋城旅游发展股份有限公司,"Hangzhou Songcheng Tourism Development Co., Ltd.",浙江省杭州市之江路148号,300144,宋城股份,2010-12-09,558216000,173552500,,,,0,0,华东,浙江,杭州市,N 公共环保,www.chinascgf.com
300145,南方泵业,南方泵业股份有限公司,"Nanfang Pump Industry Co., Ltd.",浙江省杭州余杭区仁和镇,300145,南方泵业,2010-12-09,144000000,67764015,,,,0,0,华东,浙江,杭州市,C 制造业,www.nanfang-pump.com
300146,汤臣倍健,汤臣倍健股份有限公司,"BY-HEALTH CO.,LTD",广东省珠海市金湾区三灶科技工业园星汉路19号,300146,汤臣倍健,2010-12-15,328080000,110882328,,,,0,0,华南,广东,珠海市,C 制造业,www.by-health.com.cn
300147,香雪制药,广州市香雪制药股份有限公司,"Xiangxue Pharmaceutical Co., Ltd.",广东省广州市萝岗区广州经济技术开发区科学城金峰园路2号,300147,香雪制药,2010-12-15,301581000,183852000,,,,0,0,华南,广东,广州市,C 制造业,www.xphcn.com
300148,天舟文化,湖南天舟科教文化股份有限公司,"TANGEL PUBLISHING CO.,LTD",湖南省长沙县星沙镇茶叶大市场办公楼502、602号,300148,天舟文化,2010-12-15,152100000,51994928,,,,0,0,华中,湖南,长沙市,R 文化传播,www.t-angel.com
300149,量子高科,量子高科（中国）生物股份有限公司,"Quanturn Hi-Tech （China）Biological Co.,Ltd",广东省江门市高新区高新西路133号,300149,量子高科,2010-12-22,201000000,62648812,,,,0,0,华南,广东,江门市,C 制造业,www.qht.cc
300150,世纪瑞尔,北京世纪瑞尔技术股份有限公司,"Beijing Century Real Technology Co.,Ltd.",北京市海淀区上地信息路22号上地科技综合楼B座九、十层,300150,世纪瑞尔,2010-12-22,270000000,149620236,,,,0,0,华北,北京,北京市,I 信息技术,www.c-real.com.cn
300151,昌红科技,深圳市昌红科技股份有限公司,"SHENZHEN CHANGHONG TECHNOLOGY Co.,Ltd.",广东省深圳市坪山新区坪山锦龙大道西侧,300151,昌红科技,2010-12-22,100500000,40094625,,,,0,0,华南,广东,深圳市,C 制造业,www.sz-changhong.com
300152,燃控科技,徐州燃控科技股份有限公司,"XUZHOU COMBUSTION CONTROL TECHNOLOGY CO.,LTD",江苏省徐州市经济开发区杨山路12号,300152,燃控科技,2010-12-29,240823000,149600000,,,,0,0,华东,江苏,徐州市,C 制造业,www.xcc.com.cn
300153,科泰电源,上海科泰电源股份有限公司,"SHANGHAI COOLTECH POWER CO.,LTD.",上海市青浦工业园区崧华路688号,300153,科泰电源,2010-12-29,160000000,75715000,,,,0,0,华东,上海,上海市,C 制造业,www.cooltechsh.com
300154,瑞凌股份,深圳市瑞凌实业股份有限公司,"SHENZHEN RILAND INDUSTRY CO., LTD",广东省深圳市宝安区福永街道凤凰第四工业区4号厂房,300154,瑞凌股份,2010-12-29,223500000,78527500,,,,0,0,华南,广东,深圳市,C 制造业,www.riland.com.cn
300155,安居宝,广东安居宝数码科技股份有限公司,"GUANGDONG ANJUBAO DIGITAL TECHNOLOGY CO.,LTD.",广东省广州开发区科学城起云路6号,300155,安居宝,2011-01-07,182658000,57756250,,,,0,0,华南,广东,广州市,C 制造业,www.anjubao.com
300156,天立环保,天立环保工程股份有限公司,"Tianli environmental engineering co.,Ltd",北京市朝阳区酒仙桥北路5号,300156,天立环保,2011-01-07,288720000,151112327,,,,0,0,华北,北京,北京市,C 制造业,www.tlhb.cn
300157,恒泰艾普,恒泰艾普石油天然气技术服务股份有限公司,"LandOcean Energy Services Co., LTD.",北京市海淀区农大南路1号院2号楼A701室,300157,恒泰艾普,2011-01-07,184663742,105439741,,,,0,0,华北,北京,北京市,B 采矿业,www.ldocean.com.cn
300158,振东制药,山西振东制药股份有限公司,"Shanxi Zhendong Pharmaceutical Co.,Ltd",山西省长治县光明南路振东科技园,300158,振东制药,2011-01-07,288000000,89991040,,,,0,0,华北,山西,长治市,C 制造业,www.zdjt.com
300159,新研股份,新疆机械研究院股份有限公司,"Xinjiang Machinery Research Institute Co.,Ltd",新疆维吾尔自治区乌鲁木齐经济技术开发区融合南路661号,300159,新研股份,2011-01-07,180400000,46640000,,,,0,0,西北,新疆,乌鲁木齐市,C 制造业,www.xjjxy.com.cn
300160,秀强股份,江苏秀强玻璃工艺股份有限公司,"JIANGSU XIUQIANG GLASSWORK CO., LTD.",江苏省宿迁经济开发区东区珠江路102号,300160,秀强股份,2011-01-13,186800000,67800000,,,,0,0,华东,江苏,宿迁市,C 制造业,www.jsxq.com
300161,华中数控,武汉华中数控股份有限公司,"Wuhan Huazhong Numerical Control Co.,Ltd.",湖北省武汉市东湖开发区华工科技园,300161,华中数控,2011-01-13,107830000,63161538,,,,0,0,华中,湖北,武汉市,C 制造业,www.huazhongcnc.com
300162,雷曼光电,深圳雷曼光电科技股份有限公司,"Ledman Optoelectronic Co.,Ltd.",广东省深圳市南山区松白路百旺信高科技工业园二区第八栋,300162,雷曼光电,2011-01-13,134000000,34150000,,,,0,0,华南,广东,深圳市,C 制造业,www.ledman.cn
300163,先锋新材,宁波先锋新材料股份有限公司,"NINGBO XIANFENG NEW MATERIAL CO.,LTD",浙江省宁波市鄞州区集士港镇山下庄村,300163,先锋新材,2011-01-13,79000000,37887188,,,,0,0,华东,浙江,宁波市,C 制造业,www.aplus.cn;www.chinacurtains.com
300164,通源石油,西安通源石油科技股份有限公司,"TONG OIL TOOLS CO., LTD.",陕西省西安市高新区科技二路70号软件园唐乐阁D301室,300164,通源石油,2011-01-13,237600000,143419493,,,,0,0,西北,陕西,西安市,B 采矿业,www.tongoiltools.com
300165,天瑞仪器,江苏天瑞仪器股份有限公司,"Jiangsu Skyray Instrument Co.,Ltd.",江苏省昆山市玉山镇中华园西路1888号天瑞大厦,300165,天瑞仪器,2011-01-25,153920000,68085000,,,,0,0,华东,江苏,苏州市,C 制造业,www.skyray-instrument.com
300166,东方国信,北京东方国信科技股份有限公司,"Beijing Orient National Communication Science&Technology Co.,Ltd",北京市朝阳区望京北路9号叶青大厦D座1108,300166,东方国信,2011-01-25,123967500,41700000,,,,0,0,华北,北京,北京市,I 信息技术,www.bonc.com.cn
300167,迪威视讯,深圳市迪威视讯股份有限公司,Shenzhen Dvision Video Communications Co.Ltd.,广东省深圳市南山区西丽镇茶光路南侧深圳集成电路设计应用产业园306-1、307、407、409室,300167,迪威视讯,2011-01-25,200160000,96828750,,,,0,0,华南,广东,深圳市,I 信息技术,www.dvision.cn
300168,万达信息,万达信息股份有限公司,"Wonders Information Co.,Ltd.",上海市桂平路481号20号楼5层,300168,万达信息,2011-01-25,243217020,173468720,,,,0,0,华东,上海,上海市,I 信息技术,www.wondersgroup.com
300169,天晟新材,常州天晟新材料股份有限公司,"Changzhou Tiansheng New Materials Co., Ltd.",江苏省常州市龙锦路508号,300169,天晟新材,2011-01-25,280500000,141837612,,,,0,0,华东,江苏,常州市,C 制造业,www.tschina.com
300170,汉得信息,上海汉得信息技术股份有限公司,"Hand Enterprise Solutions Co.,Ltd",上海市青浦工业园区外青松公路5500号303室,300170,汉得信息,2011-02-01,177447774,98873243,,,,0,0,华东,上海,上海市,I 信息技术,www.hand-china.com
300171,东富龙,上海东富龙科技股份有限公司,"Shanghai Tofflon Science and Technology Co.,Ltd.",上海市闵行区放鹤路2199号,300171,东富龙,2011-02-01,208000000,67600000,,,,0,0,华东,上海,上海市,C 制造业,www.tofflon.com
300172,中电环保,南京中电环保股份有限公司,"NANJING CEC ENVIRONMENTAL PROTECTION CO.,LTD.",江苏省南京市江宁开发区诚信大道1800号,300172,中电环保,2011-02-01,130000000,62449276,,,,0,0,华东,江苏,南京市,N 公共环保,www.njcec.com
300173,松德股份,松德机械股份有限公司,"Sotech Machinery Co., Ltd.",广东省中山市南头镇南头大道东105号,300173,松德股份,2011-02-01,113230000,51300795,,,,0,0,华南,广东,中山市,C 制造业,www.songde.com.cn
300174,元力股份,福建元力活性炭股份有限公司,"Fujian Yuanli Active Carbon Co.,Ltd.",福建省南平来舟经济开发区,300174,元力股份,2011-02-01,136000000,36297831,,,,0,0,华东,福建,南平市,C 制造业,www.yuanlicarbon.com
300175,朗源股份,朗源股份有限公司,"Lontrue Co.,Limited",山东省龙口高新技术产业园区,300175,朗源股份,2011-02-15,470800000,264915200,,,,0,0,华东,山东,烟台市,C 制造业,www.lontrue.com
300176,鸿特精密,广东鸿特精密技术股份有限公司,"Guangdong Hongteo Accurate Technology Co.,Ltd.",广东省肇庆市鼎湖城区北十区,300176,鸿特精密,2011-02-15,89400000,29570300,,,,0,0,华南,广东,肇庆市,C 制造业,www.hongteo.com.cn
300177,中海达,广州中海达卫星导航技术股份有限公司,"Guangzhou Hi-Target Navigation Tech Co.,Ltd.",广东省广州市番禺区东环街番禺大道北555号番禺节能科技园内天安科技创新大厦1003,300177,中海达,2011-02-15,201830120,89950212,,,,0,0,华南,广东,广州市,C 制造业,www.zhdgps.com
300178,腾邦国际,深圳市腾邦国际商业服务股份有限公司,Shenzhen Tempus Global Business Service Holding Ltd.,广东省深圳市福田保税区桃花路腾邦物流大厦5楼,300178,腾邦国际,2011-02-15,122300000,71400000,,,,0,0,华南,广东,深圳市,L 商务服务,www.tempus.cn
300179,四方达,河南四方达超硬材料股份有限公司,"SF DIAMOND CO.,LTD.",河南省郑州市经济技术开发区第七大街151号,300179,四方达,2011-02-15,216000000,86663918,,,,0,0,华中,河南,郑州市,C 制造业,www.sf-diamond.com.cn
300180,华峰超纤,上海华峰超纤材料股份有限公司,"Huafon Microfibre (Shanghai) CO.,LTD.",上海市金山区亭卫南路888号,300180,华峰超纤,2011-02-22,158000000,72912500,,,,0,0,华东,上海,上海市,C 制造业,
300181,佐力药业,浙江佐力药业股份有限公司,"Zhejiang Jolly Pharmaceutical Co.,LTD",浙江省湖州市德清县武康镇志远路,300181,佐力药业,2011-02-22,144000000,89587575,,,,0,0,华东,浙江,湖州市,C 制造业,www.zuoli.com
300182,捷成股份,北京捷成世纪科技股份有限公司,"Beijing Jetsen Technology Co.,Ltd.",北京市海淀区知春路1号学院国际大厦709室,300182,捷成股份,2011-02-22,222331850,54600000,,,,0,0,华北,北京,北京市,I 信息技术,www.jetsen.com.cn
300183,东软载波,青岛东软载波科技股份有限公司,"Qingdao Eastsoft Communication Technology Co., Ltd.",山东省青岛市市北区上清路16号甲,300183,东软载波,2011-02-22,220000000,55000000,,,,0,0,华东,山东,青岛市,I 信息技术,www.eastsoft.com.cn
300184,力源信息,武汉力源信息技术股份有限公司,"Wuhan P&S Information Technology Co.,Ltd",湖北省武汉市东湖新技术开发区武大园三路5号,300184,力源信息,2011-02-22,100050000,66177713,,,,0,0,华中,湖北,武汉市,F 批发零售,www.icbase.com
300185,通裕重工,通裕重工股份有限公司,"Tongyu Heavy Industry Co.,Ltd.",山东省禹城市高新技术产业开发区,300185,通裕重工,2011-03-08,900000000,485867804,,,,0,0,华东,山东,德州市,C 制造业,www.tongyuheavy.com
300186,大华农,广东大华农动物保健品股份有限公司,"Guangdong DaHuaNong Animal Health Products Co.,Ltd.",广东省新兴县新城镇东堤北路温氏科技园2号之三,300186,大华农,2011-03-08,534000000,134000000,,,,0,0,华南,广东,云浮市,C 制造业,www.gddhn.com
300187,永清环保,永清环保股份有限公司,"Yonker Environmental Protection Co.,Ltd.",湖南省长沙市浏阳市国家生物医药产业基地(319国道旁),300187,永清环保,2011-03-08,133560000,37100000,,,,0,0,华中,湖南,长沙市,N 公共环保,www.yonker.com.cn
300188,美亚柏科,厦门市美亚柏科信息股份有限公司,"Xiamen Meiya Pico Information Co.,LTD.",福建省厦门市软件园二期观日路12号102-402单元,300188,美亚柏科,2011-03-16,110906600,27000000,,,,0,0,华东,福建,厦门市,I 信息技术,www.xm-my.com.cn; www.300188.cn
300189,神农大丰,海南神农大丰种业科技股份有限公司,"Grand Agriseeds Technology,Inc.",海南省海口市紫荆路2-1号紫荆信息公寓26A,300189,神农大丰,2011-03-16,256000000,111040000,,,,0,0,华南,海南,海口市,A 农林牧渔,www.sndf.com.cn
300190,维尔利,江苏维尔利环保科技股份有限公司,"Jiangsu WELLE Environmental Co.,Ltd",江苏省常州新北区汉江路156号,300190,维尔利,2011-03-16,97785000,39697200,,,,0,0,华东,江苏,常州市,N 公共环保,www.jswelle.com.cn
300191,潜能恒信,潜能恒信能源技术股份有限公司,"SINO GEOPHYSICAL CO.,LTD",北京市海淀区紫竹院路81号院3号楼北方地产大厦618,300191,潜能恒信,2011-03-16,160000000,45880000,,,,0,0,华北,北京,北京市,B 采矿业,www.sinogeo.com
300192,科斯伍德,苏州科斯伍德油墨股份有限公司,"Suzhou Kingswood Printing Ink Co.,Ltd.",江苏省苏州市相城区潘阳工业园东桥开发区旺庄路3-1号,300192,科斯伍德,2011-03-22,110250000,54000000,,,,0,0,华东,江苏,苏州市,C 制造业,www.szkinks.com
300193,佳士科技,深圳市佳士科技股份有限公司,"SHENZHEN JASIC TECHNOLOGY CO.,LTD.",广东省深圳市坪山新区青兰一路3号,300193,佳士科技,2011-03-22,221500000,115362231,,,,0,0,华南,广东,深圳市,C 制造业,www.jasic.com.cn
300194,福安药业,重庆福安药业（集团）股份有限公司,"Chongqing fuan Pharmaceutical(Group) Co.,Ltd",重庆市长寿区化工园区内,300194,福安药业,2011-03-22,173420000,47949879,,,,0,0,西南,重庆,重庆市,C 制造业,www.fapharm.com
300195,长荣股份,天津长荣印刷设备股份有限公司,"MASTERWORK MACHINERY CO.,LTD",天津市新技术产业园区北辰科技工业园,300195,长荣股份,2011-03-29,142224000,35887250,,,,0,0,华北,天津,天津市,C 制造业,www.mkmchina.com
300196,长海股份,江苏长海复合材料股份有限公司,"Jiangsu Changhai Composite Materials CO.,LTD.",江苏省常州市武进区遥观镇塘桥村,300196,长海股份,2011-03-29,120000000,50793750,,,,0,0,华东,江苏,常州市,C 制造业,www.changhaigfrp.com
300197,铁汉生态,深圳市铁汉生态环境股份有限公司,"Shenzhen Techand Ecology & Environment Co., Ltd.",广东省深圳市龙岗区龙城街道龙岗天安数码创新园三号厂房B1401,300197,铁汉生态,2011-03-29,315805878,82453355,,,,0,0,华南,广东,深圳市,E 建筑业,www.sztechand.com
300198,纳川股份,福建纳川管材科技股份有限公司,"Fujian Superpipe Co.,Ltd",福建省泉州市泉港区普安工业区,300198,纳川股份,2011-04-07,208957500,129400464,,,,0,0,华东,福建,泉州市,C 制造业,www.superpipe.cn
300199,翰宇药业,深圳翰宇药业股份有限公司,"HYBIO PHARMACEUTICAL CO.,LTD.",广东省深圳市南山区高新技术工业园中区翰宇生物医药园办公大楼四层,300199,翰宇药业,2011-04-07,400000000,185149000,,,,0,0,华南,广东,深圳市,C 制造业,www.hybio.com.cn
300200,高盟新材,北京高盟新材料股份有限公司,"Beijing Comens New Materials Co.,Ltd.",北京市丰台区科学城航丰路8号2层209室（园区）,300200,高盟新材,2011-04-07,213600000,80284456,,,,0,0,华北,北京,北京市,C 制造业,www.co-mens.com
300201,海伦哲,徐州海伦哲专用车辆股份有限公司,"Xuzhou Handler Special Vehicle Co., Ltd.",江苏省徐州经济开发区螺山路19号,300201,海伦哲,2011-04-07,352000000,225485008,,,,0,0,华东,江苏,徐州市,C 制造业,www.xzhlz.com
300202,聚龙股份,辽宁聚龙金融设备股份有限公司,Liaoning Julong Financial Equipment Corp.,辽宁省鞍山市铁东区千山中路308号,300202,聚龙股份,2011-04-15,169600000,57600000,,,,0,0,东北,辽宁,鞍山市,C 制造业,www.julong.cc
300203,聚光科技,聚光科技（杭州）股份有限公司,"Focused Photonics （Hangzhou),Inc.",浙江省杭州市滨江区滨安路760号,300203,聚光科技,2011-04-15,445000000,88858299,,,,0,0,华东,浙江,杭州市,C 制造业,www.fpi-inc.com
300204,舒泰神,舒泰神(北京)生物制药股份有限公司,"Staidson (Beijing) Biopharmaceuticals Co.,Ltd.",北京市北京经济技术开发区荣京东街5号,300204,舒泰神,2011-04-15,133400000,37078774,,,,0,0,华北,北京,北京市,C 制造业,www.staidson.com
300205,天喻信息,武汉天喻信息产业股份有限公司,"Wuhan Tianyu Information Industry Co.,Ltd",湖北省武汉市东湖新技术开发区华工大学科技园,300205,天喻信息,2011-04-21,215028000,77856513,,,,0,0,华中,湖北,武汉市,C 制造业,www.whty.com.cn
300206,理邦仪器,深圳市理邦精密仪器股份有限公司,"Edan Instruments,Inc,",广东省深圳市南山区蛇口南海大道1019号南山医疗器械园B栋三楼,300206,理邦仪器,2011-04-21,130000000,54841843,,,,0,0,华南,广东,深圳市,C 制造业,www.edan.com.cn
300207,欣旺达,欣旺达电子股份有限公司,"Sunwoda Electronic Co.,Ltd",广东省深圳市宝安区石岩街道石龙社区颐和路2号综合楼2楼B区,300207,欣旺达,2011-04-21,244400000,75739853,,,,0,0,华南,广东,深圳市,C 制造业,www.sunwoda.com
300208,恒顺电气,青岛市恒顺电气股份有限公司,"Qingdao Evercontaining Electric Co.,Ltd.",山东省青岛市城阳区流亭街道双元路西侧（空港工业聚集区）,300208,恒顺电气,2011-04-26,280000000,178715750,,,,0,0,华东,山东,青岛市,C 制造业,www.qdhengshun.com
300209,天泽信息,天泽信息产业股份有限公司,TIANZE INFORMATION INDUSTRY INC,江苏省南京市建邺区云龙山路80号,300209,天泽信息,2011-04-26,160000000,40000000,,,,0,0,华东,江苏,南京市,I 信息技术,www.itrackstar.com
300210,森远股份,鞍山森远路桥股份有限公司,"ANSHAN SENYUAN ROAD AND BRIDGE CO.,LTD",辽宁省鞍山市鞍千路281号,300210,森远股份,2011-04-26,134730000,35455905,,,,0,0,东北,辽宁,鞍山市,C 制造业,www.assyrb.com
300211,亿通科技,江苏亿通高科技股份有限公司,"Jiangsu Yitong High-Tech Co., Ltd.",江苏省常熟市通林路28号,300211,亿通科技,2011-05-05,53746000,19151220,,,,0,0,华东,江苏,苏州市,C 制造业,www.yitong-group.com
300212,易华录,北京易华录信息技术股份有限公司,"BEIJING E-HUALU INFO TECHNOLOGY CO.,LTD",北京市石景山区八大处高新科技园区西井路3号3号楼535房间,300212,易华录,2011-05-05,268000000,139757100,,,,0,0,华北,北京,北京市,I 信息技术,www.ehualu.com
300213,佳讯飞鸿,北京佳讯飞鸿电气股份有限公司,"Beijing Jiaxun Feihong Electrical Co.,Ltd",北京市海淀区地锦路5号院1号楼,300213,佳讯飞鸿,2011-05-05,126000000,35235366,,,,0,0,华北,北京,北京市,C 制造业,www.jiaxun.com
300214,日科化学,山东日科化学股份有限公司,"Shandong Rike Chemical Co.,Ltd.",山东省昌乐县经济开发区科技二街以南500米,300214,日科化学,2011-05-11,202500000,79599771,,,,0,0,华东,山东,潍坊市,C 制造业,www.rikechem.com
300215,电科院,苏州电器科学研究院股份有限公司,"Suzhou Electrical Apparatus Science Academy Co., Ltd.",江苏省苏州市吴中区越溪前珠路5号,300215,电科院,2011-05-11,360000000,199999250,,,,0,0,华东,江苏,苏州市,M 科研服务,www.eeti-easa.com
300216,千山药机,湖南千山制药机械股份有限公司,"Hunan China Sun Pharmaceutical Machinery Co.,Ltd.",湖南省长沙经济技术开发区盼盼路9号,300216,千山药机,2011-05-11,183674400,87100000,,,,0,0,华中,湖南,长沙市,C 制造业,www.chinasun.com.cn
300217,东方电热,镇江东方电热科技股份有限公司,"zhenjiang Dongfang Electric Heating Technology Co.,Ltd.",江苏省镇江市镇江新区大港五峰山路18号,300217,东方电热,2011-05-18,197736000,77725663,,,,0,0,华东,江苏,镇江市,C 制造业,www.dongfang-heater.com
300218,安利股份,安徽安利合成革股份有限公司,"Anhui ANLI Artificial Leather Co.,LTD",安徽省合肥市经济技术开发区桃花工业园,300218,安利股份,2011-05-18,211200000,59136000,,,,0,0,华东,安徽,合肥市,C 制造业,www.chinapuleather.com
300219,鸿利光电,广州市鸿利光电股份有限公司,"Guangzhou Hongli Opto-Electronic Co.,Ltd",广东省广州市花都区汽车城东风大道以西,300219,鸿利光电,2011-05-18,245466000,107757345,,,,0,0,华南,广东,广州市,C 制造业,www.honglitronic.com
300220,金运激光,武汉金运激光股份有限公司,"Wuhan Golden Laser Co., Ltd.",湖北省武汉市江岸区新江岸五村188号,300220,金运激光,2011-05-25,70000000,21657850,,,,0,0,华中,湖北,武汉市,C 制造业,www.goldenlaser.cn
300221,银禧科技,广东银禧科技股份有限公司,"GUANGDONG SILVER AGE SCI&TECH CO.,LTD.",广东省东莞市虎门镇居岐村,300221,银禧科技,2011-05-25,200000000,102500000,,,,0,0,华南,广东,东莞市,C 制造业,www.silverage.cn
300222,科大智能,科大智能科技股份有限公司,"CSG SMART SCIENCE&TECHNOLOGY CO.,LTD.",上海市张江高科技园区碧波路456号A203-A206室,300222,科大智能,2011-05-25,108000000,35846622,,,,0,0,华东,上海,上海市,C 制造业,www.csg.com.cn
300223,北京君正,北京君正集成电路股份有限公司,"Ingenic Semiconductor Co., Ltd",北京市海淀区东北旺中关村软件园信息中心A座108室,300223,北京君正,2011-05-31,104000000,46264652,,,,0,0,华北,北京,北京市,C 制造业,www.ingenic.cn
300224,正海磁材,烟台正海磁性材料股份有限公司,"YantaiZhenghaiMagneticMaterialCo.,Ltd.",山东省烟台经济技术开发区珠江路22号,300224,正海磁材,2011-05-31,240000000,74722500,,,,0,0,华东,山东,烟台市,C 制造业,www.zhmag.com
300225,金力泰,上海金力泰化工股份有限公司,"Shanghai Kinlita Chemical Co.,Ltd.",上海市奉贤区青村镇沿钱公路2888号,300225,金力泰,2011-05-31,100500000,40289290,,,,0,0,华东,上海,上海市,C 制造业,www.knt.cn
300226,上海钢联,上海钢联电子商务股份有限公司,"Shanghai Ganglian E-Commerce Holdings Co.,Ltd.",上海市宝山区园丰路68号,300226,上海钢联,2011-06-08,120000000,43618125,,,,0,0,华东,上海,上海市,I 信息技术,www.mysteel.com
300227,光韵达,深圳光韵达光电科技股份有限公司,"Shenzhen Sunshine Laser&Electronics Technology Co., Ltd.",广东省深圳市南山区高新区朗山一路聚友创业中心大厦一楼,300227,光韵达,2011-06-08,134000000,67806700,,,,0,0,华南,广东,深圳市,C 制造业,www.sunshine-laser.com
300228,富瑞特装,张家港富瑞特种装备股份有限公司,"Zhangjiagang Furui Special Equipment Co.,Ltd",江苏省张家港市杨舍镇晨新路19号,300228,富瑞特装,2011-06-08,134000000,72677246,,,,0,0,华东,江苏,苏州市,C 制造业,www.furuise.com
300229,拓尔思,北京拓尔思信息技术股份有限公司,"Beijing TRS Information Technology Co., Ltd.",北京市海淀区知春路6号（锦秋国际大厦）14层14B04,300229,拓尔思,2011-06-15,204000000,68486370,,,,0,0,华北,北京,北京市,I 信息技术,www.trs.com.cn
300230,永利带业,上海永利带业股份有限公司,"Shanghai Yongli Belting Co.,Ltd.",上海市青浦区徐泾镇徐旺路58号,300230,永利带业,2011-06-15,161524800,56916000,,,,0,0,华东,上海,上海市,C 制造业,www.yonglibelt.com
300231,银信科技,北京银信长远科技股份有限公司,"Beijing Trust&Far Technology CO.,LTD",北京市海淀区苏州街18号院长远天地大厦4号楼21层2101-2105房,300231,银信科技,2011-06-15,120000000,38100000,,,,0,0,华北,北京,北京市,I 信息技术,www.trustfar.cn
300232,洲明科技,深圳市洲明科技股份有限公司,"UNILUMIN GROUP CO., LTD.",广东省深圳市宝安区福永街道桥头社区永福路112号A栋,300232,洲明科技,2011-06-22,101036075,39673325,,,,0,0,华南,广东,深圳市,C 制造业,www.unilumin.com
300233,金城医药,山东金城医药化工股份有限公司,"Shandong Jincheng Pharmaceutical and Chemical Co.,Ltd.",山东省淄博市淄川区昆仑镇昆新路26号,300233,金城医药,2011-06-22,121000000,58984000,,,,0,0,华东,山东,淄博市,C 制造业,www.jinchengpharm.com
300234,开尔新材,浙江开尔新材料股份有限公司,"ZHEJIANG KAIER NEW MATERIALS CO.,LTD.",浙江省金华市金东区曹宅工业区,300234,开尔新材,2011-06-22,120000000,30000000,,,,0,0,华东,浙江,金华市,C 制造业,www.zjke.com
300235,方直科技,深圳市方直科技股份有限公司,"SHENZHEN KINGSUN SCIENCE & TECHNOLOGY CO.,LTD",广东省深圳市南山区科技中二路深圳软件园12＃楼302,300235,方直科技,2011-06-29,88000000,30064050,,,,0,0,华南,广东,深圳市,I 信息技术,www.kingsunsoft.com
300236,上海新阳,上海新阳半导体材料股份有限公司,"Shanghai Sinyang Semiconductor Materials Co.,Ltd.",上海市松江区思贤路3600号,300236,上海新阳,2011-06-29,85180000,21500000,,,,0,0,华东,上海,上海市,C 制造业,www.sinyang.com.cn
300237,美晨科技,山东美晨科技股份有限公司,"Shandong Meichen Science&Technology Co., Ltd.",山东省诸城市密州路东首路南,300237,美晨科技,2011-06-29,57000000,16500000,,,,0,0,华东,山东,潍坊市,C 制造业,www.meichen.cc
300238,冠昊生物,广东冠昊生物科技股份有限公司,"Grandhope Biotech Co.,Ltd.",广东省广州市萝岗区科学城广州国际企业孵化器D区408室,300238,冠昊生物,2011-07-06,122200000,72351050,,,,0,0,华南,广东,广州市,C 制造业,www.grandhopebio.com
300239,东宝生物,包头东宝生物技术股份有限公司,"Baotou Dongbao Bio-Tech Co.,Ltd.",内蒙古自治区包头市稀土高新技术产业开发区黄河大街46号,300239,东宝生物,2011-07-06,197548000,118456975,,,,0,0,华北,内蒙古,包头市,C 制造业,www.dongbaoshengwu.com
300240,飞力达,江苏飞力达国际物流股份有限公司,Jiangsu Feiliks International Logistics Inc.,江苏省昆山开发区,300240,飞力达,2011-07-06,167520000,75000000,,,,0,0,华东,江苏,苏州市,G 运输仓储,www.feiliks.com
300241,瑞丰光电,深圳市瑞丰光电子股份有限公司,"SHENZHEN REFOND OPTOELECTRONICS CO.,LTD.",广东省深圳市南山区松白公路百旺信工业园二区第6栋,300241,瑞丰光电,2011-07-12,216229993,80569920,,,,0,0,华南,广东,深圳市,C 制造业,www.refond.com
300242,明家科技,广东明家科技股份有限公司,MIG Technology INC,广东省东莞市横沥镇村头村工业区,300242,明家科技,2011-07-12,75000000,25312500,,,,0,0,华南,广东,东莞市,C 制造业,www.migsurge.com
300243,瑞丰高材,山东瑞丰高分子材料股份有限公司,"SHANDONG RUIFENG CHEMICAL CO.,LTD.",山东省沂源县经济开发区,300243,瑞丰高材,2011-07-12,85600000,42545920,,,,0,0,华东,山东,淄博市,C 制造业,www.ruifengchemical.com
300244,迪安诊断,浙江迪安诊断技术股份有限公司,"ZHEJIANG DIAN DIAGNOSTICS CO.,LTD.",浙江省杭州市西湖区古墩路702号赞宇大厦5-6层,300244,迪安诊断,2011-07-19,119574000,60413184,,,,0,0,华东,浙江,杭州市,Q 卫生,www.dazd.cn
300245,天玑科技,上海天玑科技股份有限公司,"Shanghai DragonNet Technology Co., Ltd.",上海市青浦工业园区清河湾路1200号1008室,300245,天玑科技,2011-07-19,134000000,53348255,,,,0,0,华东,上海,上海市,I 信息技术,www.dnt.com.cn
300246,宝莱特,广东宝莱特医用科技股份有限公司,"GUANGDONG BIOLIGHT MEDITECH CO.,LTD.",广东省珠海市高新区科技创新海岸创新一路2号,300246,宝莱特,2011-07-19,146088000,53772480,,,,0,0,华南,广东,珠海市,C 制造业,www.blt.com.cn
300247,桑乐金,安徽桑乐金股份有限公司,"Anhui Saunaking Co.,Ltd.",安徽省合肥市长江西路669号AJ-9地块,300247,桑乐金,2011-07-29,81750000,35216250,,,,0,0,华东,安徽,合肥市,C 制造业,www.saunaking.com.cn
300248,新开普,郑州新开普电子股份有限公司,"Zhengzhou Newcapec Electronics Co., Ltd.",河南省郑州高新技术产业开发区翠竹街6号863国家软件基地新开普大厦,300248,新开普,2011-07-29,89200000,34145000,,,,0,0,华中,河南,郑州市,I 信息技术,www.newcapec.com.cn
300249,依米康,四川依米康环境科技股份有限公司,"Sichuan Yimikang Environmental Tech. Co.,Ltd.",四川省成都高新区科园南二路二号,300249,依米康,2011-08-03,156800000,76550200,,,,0,0,西南,四川,成都市,C 制造业,www.sunrisegroup.com.cn
300250,初灵信息,杭州初灵信息技术股份有限公司,"Hangzhou CNCR-IT Co.,Ltd.",浙江省杭州市滨江区浦沿街道伟业路1号5幢,300250,初灵信息,2011-08-03,80000000,27848000,,,,0,0,华东,浙江,杭州市,C 制造业,www.cncr-it.com
300251,光线传媒,北京光线传媒股份有限公司,"Beijing Enlight Media Co., Ltd.",北京市东城区和平里东街11号37号楼11105号,300251,光线传媒,2011-08-03,506352000,138150705,,,,0,0,华北,北京,北京市,R 文化传播,www.ewang.com
300252,金信诺,深圳金信诺高新技术股份有限公司,"Kingsignal Technology Co.,Ltd.",广东省深圳市南山区科技中二路深圳软件园9号楼302室,300252,金信诺,2011-08-18,108000000,38575275,,,,0,0,华南,广东,深圳市,C 制造业,www.kingsignal.com
300253,卫宁软件,上海金仕达卫宁软件股份有限公司,"Shanghai Kingstar Winning Software Co., Ltd.",上海市浦东新区上南路4184号258室,300253,卫宁软件,2011-08-18,107000000,56188257,,,,0,0,华东,上海,上海市,I 信息技术,www.winning.com.cn
300254,仟源制药,山西仟源制药股份有限公司,"ShanXi C&Y Pharmaceutical Co., LTD.",山西省大同市经济技术开发区湖滨大街53号,300254,仟源制药,2011-08-19,133800000,33800000,,,,0,0,华北,山西,大同市,C 制造业,www.cy-pharm.com
300255,常山药业,河北常山生化药业股份有限公司,"HEBEI CHANGSHAN BIOCHEMICAL PHARMACEUTICAL CO.,LTD",河北省石家庄市正定镇火车站西富强路9号,300255,常山药业,2011-08-19,188418700,109271323,,,,0,0,华北,河北,石家庄市,C 制造业,www.heparin.cn
300256,星星科技,浙江星星瑞金科技股份有限公司,"ZHEJIANG FIRSTAR PANEL TECHNOLOGY CO.,LTD.",浙江省台州市椒江区洪家星星电子产业基地4号楼,300256,星星科技,2011-08-19,150000000,82868250,,,,0,0,华东,浙江,台州市,C 制造业,www.first-panel.com
300257,开山股份,浙江开山压缩机股份有限公司,"Zhejiang Kaishan Compressor Co.,Ltd.",浙江省衢州市经济开发区凯旋西路9号,300257,开山股份,2011-08-19,286000000,96987137,,,,0,0,华东,浙江,衢州市,C 制造业,www.kaishancomp.com.cn
300258,精锻科技,江苏太平洋精锻科技股份有限公司,"Jiangsu Pacific Precision Forging Co.,Ltd.",江苏省泰州市姜堰区姜堰大道91号,300258,精锻科技,2011-08-26,180000000,70863750,,,,0,0,华东,江苏,泰州市,C 制造业,www.ppforging.com
300259,新天科技,河南新天科技股份有限公司,"HENAN SUNTRONT TECHNOLOGY CO.,LTD.",河南省郑州高新技术产业开发区国槐街19号,300259,新天科技,2011-08-31,151360000,55733510,,,,0,0,华中,河南,郑州市,C 制造业,www.suntront.com
300260,新莱应材,昆山新莱洁净应用材料股份有限公司,"Kunshan Kinglai Hygienic Materials Co.,Ltd.",江苏省昆山市陆家镇陆丰西路22号,300260,新莱应材,2011-09-06,100050000,29675625,,,,0,0,华东,江苏,苏州市,C 制造业,www.kinglai.com.cn
300261,雅本化学,雅本化学股份有限公司,ABA CHEMICALS CORPORATION,江苏省太仓市太仓港港口开发区石化区东方东路18号,300261,雅本化学,2011-09-06,232192000,62464000,,,,0,0,华东,江苏,苏州市,C 制造业,www.abachem.com
300262,巴安水务,上海巴安水务股份有限公司,"SHANGHAI SAFBON WATER SERVICE CO.,LTD.",上海市青浦区朱枫公路3424号1幢3层A区305室,300262,巴安水务,2011-09-16,266800000,120857532,,,,0,0,华东,上海,上海市,E 建筑业,www.safbon.com
300263,隆华节能,洛阳隆华传热节能股份有限公司,"Luoyang Longhua Heat Transfer & Energy Conservation Co.,Ltd.",河南省洛阳市空港产业集聚区,300263,隆华节能,2011-09-16,163320000,56085000,,,,0,0,华中,河南,洛阳市,C 制造业,www.longhuachuanre.com
300264,佳创视讯,深圳市佳创视讯技术股份有限公司,AVIT.LTD,广东省深圳市福田区滨河路以南、沙嘴路以东中央西谷大厦15层01-08、16层04、05,300264,佳创视讯,2011-09-16,153000000,93303825,,,,0,0,华南,广东,深圳市,I 信息技术,www.avit.com.cn
300265,通光线缆,江苏通光电子线缆股份有限公司,"Jiangsu Tongguang Electronic Wire and Cable Co.,Ltd",江苏省海门市海门镇渤海路169号,300265,通光线缆,2011-09-16,135000000,35000000,,,,0,0,华东,江苏,南通市,C 制造业,www.tgjt.cn
300266,兴源过滤,杭州兴源过滤科技股份有限公司,"Hangzhou Xingyuan Filter Technology Co.,Ltd.",浙江省杭州市余杭区杭州余杭经济技术开发区望梅路1588号,300266,兴源过滤,2011-09-27,116480000,29120000,,,,0,0,华东,浙江,杭州市,C 制造业,www.xingyuan.com
300267,尔康制药,湖南尔康制药股份有限公司,"HUNAN ER-KANG PHARMACEUTICAL CO.,LTD.",湖南省长沙市浏阳生物医药工业园,300267,尔康制药,2011-09-27,239200000,75972126,,,,0,0,华中,湖南,长沙市,C 制造业,www.hnerkang.com
300268,万福生科,万福生科（湖南）农业开发股份有限公司,"Wanfu Biotechnology (Hunan) Agricultural Development Co.,Ltd.",湖南省常德市桃源县陬市镇桂花路1号,300268,万福生科,2011-09-27,134000000,34000000,,,,0,0,华中,湖南,常德市,C 制造业,www.wanfushk.com
300269,联建光电,深圳市联建光电股份有限公司,"Shenzhen Liantronics CO.,LTD.",广东省深圳市宝安区68区留仙三路安通达工业厂区四号厂房2楼,300269,联建光电,2011-10-12,73580000,33000522,,,,0,0,华南,广东,深圳市,C 制造业,www.lcjh.com
300270,中威电子,杭州中威电子股份有限公司,"OB Telecom Electronics Co.,Ltd.",浙江省杭州市西湖区文三路20号浙江建工大楼17层,300270,中威电子,2011-10-12,120000000,44599876,,,,0,0,华东,浙江,杭州市,C 制造业,www.obtelecom.com
300271,华宇软件,北京华宇软件股份有限公司,BEIJING THUNISOFT CORPORATION LIMITED,北京市海淀区中关村东路1号院清华科技园科技大厦C座25层,300271,华宇软件,2011-10-26,148000000,92187726,,,,0,0,华北,北京,北京市,I 信息技术,www.thunisoft.com
300272,开能环保,上海开能环保设备股份有限公司,"Shanghai Canature Environmental Products Co.,Ltd.",上海市浦东新区川大路518号,300272,开能环保,2011-11-02,145299000,67437126,,,,0,0,华东,上海,上海市,C 制造业,www.canature.com
300273,和佳股份,珠海和佳医疗设备股份有限公司,"Zhuhai Hokai Medical Instruments Co., Ltd.",广东省珠海市香洲区宝盛路5号,300273,和佳股份,2011-10-26,440055000,225936150,,,,0,0,华南,广东,珠海市,C 制造业,www.hokai.com
300274,阳光电源,阳光电源股份有限公司,"Sungrow Power Supply Co.,Ltd.",安徽省合肥市高新区天湖路2号,300274,阳光电源,2011-11-02,322560000,141120000,,,,0,0,华东,安徽,合肥市,C 制造业,www.sungrowpower.com
300275,梅安森,重庆梅安森科技股份有限公司,"CHONGQING MAS SCI.&TECH.CO.,LTD.",重庆市九龙坡区二郞创业路105号高科创业园C2区6层,300275,梅安森,2011-11-02,164276000,57176000,,,,0,0,西南,重庆,重庆市,I 信息技术,www.cqmas.com
300276,三丰智能,湖北三丰智能输送装备股份有限公司,"HuBei SanFeng Intelligent Conveying Equipment Co.,Ltd.",湖北省黄石市黄石经济技术开发区黄金山工业新区金山大道398号,300276,三丰智能,2011-11-15,124800000,45583546,,,,0,0,华中,湖北,黄石市,C 制造业,www.sfgs.com.cn
300277,海联讯,深圳海联讯科技股份有限公司,Shenzhen Hirisun Technology Incorporated,广东省深圳市南山区深南大道市高新技术园R2厂房B区3a层,300277,海联讯,2011-11-23,134000000,37166220,,,,0,0,华南,广东,深圳市,I 信息技术,www.hirisun.com
300278,华昌达,湖北华昌达智能装备股份有限公司,"Hubei Huachangda Intelligent Equipment Co.,Ltd.",湖北省十堰市东益大道9号,300278,华昌达,2011-12-16,173400000,43400000,,,,0,0,华中,湖北,十堰市,C 制造业,www.hchd.com.cn
300279,和晶科技,无锡和晶科技股份有限公司,"Wuxi Hodgen Technology Co.,Ltd",江苏省无锡市新区坊兴路16号,300279,和晶科技,2011-12-29,120000000,54860503,,,,0,0,华东,江苏,无锡市,C 制造业,www.hodgen-china.com
300280,南通锻压,南通锻压设备股份有限公司,"Nantong Metalforming Equipment Co.,Ltd.",江苏省南通市如皋经济开发区锻压产业园区内,300280,南通锻压,2011-12-29,128000000,32000000,,,,0,0,华东,江苏,南通市,C 制造业,www.ntdy.com.cn
300281,金明精机,广东金明精机股份有限公司,"GUANGDONG JINMING MACHINERY CO.,LTD.",广东省汕头市濠江区纺织工业园,300281,金明精机,2011-12-29,120000000,48450000,,,,0,0,华南,广东,汕头市,C 制造业,www.jmjj.com
300282,汇冠股份,北京汇冠新技术股份有限公司,"Beijing IRTOUCH Systems Co.,Ltd.",北京市海淀区长春桥路11号万柳亿城大厦3号楼1707室,300282,汇冠股份,2011-12-29,71806800,23205000,,,,0,0,华北,北京,北京市,C 制造业,www.irtouch.com
300283,温州宏丰,温州宏丰电工合金股份有限公司,"Wenzhou Hongfeng Electrical Alloy Co.,Ltd.",浙江省乐清市北白象镇大桥工业区塘下片区,300283,温州宏丰,2012-01-10,92080300,23790000,,,,0,0,华东,浙江,温州市,C 制造业,www.wzhf.com
300284,苏交科,江苏省交通科学研究院股份有限公司,"Jiangsu Transportation Research Institute Co.,Ltd",江苏省南京市水西门大街223号,300284,苏交科,2012-01-10,240000000,131061051,,,,0,0,华东,江苏,南京市,M 科研服务,www.jsti.com;www.jstri.com
300285,国瓷材料,山东国瓷功能材料股份有限公司,"SHANDONG SINOCERA FUNCTIONAL MATERIAL CO.,LTD.",山东省东营市东营区辽河路24号,300285,国瓷材料,2012-01-13,62400000,15600000,,,,0,0,华东,山东,东营市,C 制造业,www.sinocera.com.cn
300286,安科瑞,安科瑞电气股份有限公司,"Acrel Co., Ltd.",上海市嘉定区育绿路253号,300286,安科瑞,2012-01-13,69340000,17340000,,,,0,0,华东,上海,上海市,C 制造业,www.acrel.cn
300287,飞利信,北京飞利信科技股份有限公司,"Beijing Philisense Technology Co.,Ltd.",北京市海淀区塔院志新村2号金唐酒店3层,300287,飞利信,2012-02-01,84000000,38452500,,,,0,0,华北,北京,北京市,I 信息技术,www.philisense.com
300288,朗玛信息,贵阳朗玛信息技术股份有限公司,"Longmaster Information&Technology CO.,Ltd.",贵州省贵阳市高新区金阳科技产业园创业大厦130室,300288,朗玛信息,2012-02-16,106800000,26800000,,,,0,0,西南,贵州,贵阳市,I 信息技术,www.longmaster.com.cn
300289,利德曼,北京利德曼生化股份有限公司,"BEIJING LEADMAN BIOCHEMISTRY CO.,LTD.",北京市北京经济技术开发区宏达南路5号,300289,利德曼,2012-02-16,153600000,46656000,,,,0,0,华北,北京,北京市,C 制造业,www.leadmanbio.com
300290,荣科科技,荣科科技股份有限公司,"Bringspring Science & Technology Co.,Ltd.",辽宁省沈阳市和平区和平北大街62号,300290,荣科科技,2012-02-16,68000000,25022287,,,,0,0,东北,辽宁,沈阳市,I 信息技术,www.bringspring.com
300291,华录百纳,北京华录百纳影视股份有限公司,"Beijing HualuBaina Film&Tv CO.,LTD.",北京市石景山区八大处高科技园区西井路3号3号楼5365房间,300291,华录百纳,2012-02-09,132000000,72600000,,,,0,0,华北,北京,北京市,R 文化传播,www.hlbn-ent.com
300292,吴通通讯,江苏吴通通讯股份有限公司,"Jiangsu Wutong Communications Co.,LTD",江苏省苏州市相城区黄桥街道永方路32号,300292,吴通通讯,2012-02-29,100050000,31050000,,,,0,0,华东,江苏,苏州市,C 制造业,www.jswutong.com
300293,蓝英装备,沈阳蓝英工业自动化装备股份有限公司,"SHENYANG BLUE SILVER INDUSTRY AUTOMATIC EQUIPMENT CO.,LTD.",辽宁省沈阳市浑南产业区东区飞云路3号,300293,蓝英装备,2012-03-08,90000000,22500000,,,,0,0,东北,辽宁,沈阳市,C 制造业,www.chnsbs.net
300294,博雅生物,江西博雅生物制药股份有限公司,"Jiangxi Boya Bio-Pharmaceutical Co.,Ltd",江西省抚州市金巢经济开发区惠泉路333号,300294,博雅生物,2012-03-08,75800000,31884468,,,,0,0,华东,江西,抚州市,C 制造业,www.china-boya.com
300295,三六五网,江苏三六五网络股份有限公司,"Everyday Network Co.,Ltd.",江苏省南京市六合区龙池街道新东路,300295,三六五网,2012-03-15,53350000,24658582,,,,0,0,华东,江苏,南京市,I 信息技术,www.house365.com
300296,利亚德,利亚德光电股份有限公司,"Leyard Optoelectronic Co.,Ltd.",北京市海淀区颐和园北正红旗西街9号,300296,利亚德,2012-03-15,150000000,37500000,,,,0,0,华北,北京,北京市,C 制造业,www.leyard.com
300297,蓝盾股份,蓝盾信息安全技术股份有限公司,"BLUEDON INFORMATION SECURITY TECHNOLOGY Co.,Ltd.",广东省广州市天河区科韵路16号自编1栋2101,300297,蓝盾股份,2012-03-15,98000000,55554050,,,,0,0,华南,广东,广州市,I 信息技术,www.bluedon.com
300298,三诺生物,三诺生物传感股份有限公司,Sinocare Inc.,湖南省长沙高新技术产业开发区M0栋北三楼,300298,三诺生物,2012-03-19,132000000,33000000,,,,0,0,华中,湖南,长沙市,C 制造业,www.sinocare.com.cn
300299,富春通信,富春通信股份有限公司,"Fuchun Communications Co.,Ltd.",福建省福州市鼓楼区铜盘路软件大道89号C区25号楼,300299,富春通信,2012-03-19,120600000,47832250,,,,0,0,华东,福建,福州市,I 信息技术,www.forcom.com.cn
300300,汉鼎股份,汉鼎信息科技股份有限公司,"Hakim Information Technology Co.,Ltd.",浙江省杭州市延安路511号元通大厦1119室,300300,汉鼎股份,2012-03-19,191400000,59785000,,,,0,0,华东,浙江,杭州市,I 信息技术,www.hakim.com.cn
300301,长方照明,深圳市长方半导体照明股份有限公司,"Shenzhen ChangFang Light Emitting Diode Lighting Co.,LTD.",广东省深圳市坪山新区大工业区聚龙山3号路,300301,长方照明,2012-03-21,270000000,67500000,,,,0,0,华南,广东,深圳市,C 制造业,www.cfled.com
300302,同有科技,北京同有飞骥科技股份有限公司,"TOYOU FEIJI ELECTRONICS CO.,LTD",北京市海淀区中关村南大街36号湖北大厦1803室,300302,同有科技,2012-03-21,60000000,15000000,,,,0,0,华北,北京,北京市,I 信息技术,www.toyou.com.cn
300303,聚飞光电,深圳市聚飞光电股份有限公司,"SHENZHEN JUFEI OPTOELECTRONICS CO.,LTD",广东省深圳市宝安区大浪街道高峰社区创艺路65号厂房1-4层,300303,聚飞光电,2012-03-19,217600000,109019872,,,,0,0,华南,广东,深圳市,C 制造业,www.jfled.com.cn
300304,云意电气,江苏云意电气股份有限公司,"JIANGSU YUNYI ELECTRIC CO.,LTD.",江苏省徐州市铜山经济开发区黄山路26号,300304,云意电气,2012-03-21,100000000,25000000,,,,0,0,华东,江苏,徐州市,C 制造业,www.yunyi-china.com
300305,裕兴股份,江苏裕兴薄膜科技股份有限公司,"JiangSu YuXing Film Technology Co.,Ltd",江苏省常州市钟楼经济开发区童子河西路8-8号,300305,裕兴股份,2012-03-29,80000000,20000000,,,,0,0,华东,江苏,常州市,C 制造业,www.czyuxing.com
300306,远方光电,杭州远方光电信息股份有限公司,"Hangzhou Everfine Photo-E-Info Co.,Ltd.",浙江省杭州市滨江区滨康路669号1号楼,300306,远方光电,2012-03-29,120000000,37079580,,,,0,0,华东,浙江,杭州市,C 制造业,www.everfine.cn
300307,慈星股份,宁波慈星股份有限公司,"Ningbo Cixing Co.,Ltd.",浙江省慈溪市白沙路街道华东轻纺针织城三期6号楼,300307,慈星股份,2012-03-29,802000000,156708330,,,,0,0,华东,浙江,宁波市,C 制造业,www.ci-xing.com
300308,中际装备,山东中际电工装备股份有限公司,"Shandong Zhongji Electrical Equipment CO.,LTD",山东省龙口市诸由观镇驻地,300308,中际装备,2012-04-10,120006000,41860125,,,,0,0,华东,山东,烟台市,C 制造业,www.zhongji.cc
300309,吉艾科技,吉艾科技（北京）股份公司,"GI Technologies (Beijing) Co.,Ltd",北京市丰台区海鹰路1号院2号楼2层201室,300309,吉艾科技,2012-04-10,217274000,57180876,,,,0,0,华北,北京,北京市,C 制造业,www.gi-tech.cn
300310,宜通世纪,广东宜通世纪科技股份有限公司,"Guangdong Eastone Century Technology Co.,Ltd.",广东省广州市天河区建中路14、16号第三层东,300310,宜通世纪,2012-04-25,176000000,44000000,,,,0,0,华南,广东,广州市,I 信息技术,www.etonetech.com
300311,任子行,任子行网络技术股份有限公司,"Surfilter Network Technology Co.,Ltd.",广东省深圳市南山区高新区科技中2路软件园2栋6楼,300311,任子行,2012-04-25,70700000,17700000,,,,0,0,华南,广东,深圳市,I 信息技术,www.1218.com.cn
300312,邦讯技术,邦讯技术股份有限公司,"Boomsense Technology Co.,Ltd.",北京市海淀区首体南路9号主语商务中心4号楼8层办公0803,300312,邦讯技术,2012-05-08,106680000,41880000,,,,0,0,华北,北京,北京市,I 信息技术,www.boomsense.com
300313,天山生物,新疆天山畜牧生物工程股份有限公司,"XINJIANG TIANSHAN ANIMAL HUSBANDRY BIO-ENGINEERING CO.,LTD",新疆维吾尔自治区昌吉市高新区光明南路1号,300313,天山生物,2012-04-25,90910000,35254250,,,,0,0,西北,新疆,昌吉回族自治州,A 农林牧渔,www.tsbulls.net
300314,戴维医疗,宁波戴维医疗器械股份有限公司,"Ningbo David Medical Device Co.,Ltd.",浙江省宁波市象山经济开发区滨海工业园金兴路35号,300314,戴维医疗,2012-05-08,160000000,43000000,,,,0,0,华东,浙江,宁波市,C 制造业,www.nbdavid.com
300315,掌趣科技,北京掌趣科技股份有限公司,"OURPALM CO.,LTD",北京市海淀区马甸东路17号8层916,300315,掌趣科技,2012-05-11,360052000,178823040,,,,0,0,华北,北京,北京市,I 信息技术,www.ourpalm.com
300316,晶盛机电,浙江晶盛机电股份有限公司,"Zhejiang Jingsheng Mechanical & Electrical Co.,Ltd.",浙江省上虞市经济开发区通江西路218号,300316,晶盛机电,2012-05-11,133350000,43185075,,,,0,0,华东,浙江,绍兴市,C 制造业,www.jsjd.cc
300317,珈伟股份,深圳珈伟光伏照明股份有限公司,"Shenzhen Jiawei Photovoltaic Lighting Co.,Ltd.",广东省深圳市龙岗区坪地街道中心社区新发工业区1、2、3、4号,300317,珈伟股份,2012-05-11,140000000,53246638,,,,0,0,华南,广东,深圳市,C 制造业,www.jiawei.com
300318,博晖创新,北京博晖创新光电技术股份有限公司,"Beijing Bohui Innovation Technology Co.,Ltd.",北京市昌平区科技园区白浮泉路10号2号楼(北控科技大厦420室),300318,博晖创新,2012-05-23,102400000,37596990,,,,0,0,华北,北京,北京市,C 制造业,www.bohui-tech.com
300319,麦捷科技,深圳市麦捷微电子科技股份有限公司,"Shenzhen Microgate Technology Co.,Ltd",广东省深圳市龙华新区观澜街道广培社区裕新路65号南兴工业园厂房第一栋、第二栋,300319,麦捷科技,2012-05-23,53340000,16400000,,,,0,0,华南,广东,深圳市,C 制造业,www.szmicrogate.com
300320,海达股份,江阴海达橡塑股份有限公司,"JIANGYIN HAIDA RUBBER AND PLASTIC CO.,LTD.",江苏省江阴市周庄镇云顾路585号,300320,海达股份,2012-06-01,66670000,16670000,,,,0,0,华东,江苏,无锡市,C 制造业,www.haida.cn
300321,同大股份,山东同大海岛新材料股份有限公司,"SHANDONG TONGDA ISLAND NEW MATERIALS CO.,LTD",山东省潍坊昌邑市利民街西首,300321,同大股份,2012-05-23,44400000,18023078,,,,0,0,华东,山东,潍坊市,C 制造业,www.tongdahdcx.com
300322,硕贝德,惠州硕贝德无线科技股份有限公司,"Huizhou Speed Wireless Technology Co.,Limited",广东省惠州市东江高新区上霞片区SX-01-02号,300322,硕贝德,2012-06-08,93345000,23345000,,,,0,0,华南,广东,惠州市,C 制造业,www.speed-hz.com
300323,华灿光电,华灿光电股份有限公司,HC SemiTek Corporation,湖北省武汉市东湖开发区滨湖路8号,300323,华灿光电,2012-06-01,200000000,50000000,,,,0,0,华中,湖北,武汉市,C 制造业,www.hcsemitek.com
300324,旋极信息,北京旋极信息技术股份有限公司,"Beijing Watertek Information Technology Co.,Ltd.",北京市海淀区北四环中路229号海泰大厦1006室,300324,旋极信息,2012-06-08,56000000,14000000,,,,0,0,华北,北京,北京市,I 信息技术,www.watertek.com
300325,德威新材,江苏德威新材料股份有限公司,"Jiangsu Dewei Advanced Materials Co.,Ltd",江苏省太仓市沙溪镇沙南东路99号,300325,德威新材,2012-06-01,80000000,20000000,,,,0,0,华东,江苏,苏州市,C 制造业,www.chinadewei.com
300326,凯利泰,上海凯利泰医疗科技股份有限公司,"Shanghai Kinetic Medical co.,ltd.",上海市张江高科技园东区瑞庆路528号23幢2楼,300326,凯利泰,2012-06-13,76875000,19500000,,,,0,0,华东,上海,上海市,C 制造业,www.kineticmedinc.com.cn
300327,中颖电子,中颖电子股份有限公司,Sino Wealth Electronic Ltd.,上海市长宁区临空经济园区金钟路767弄3号,300327,中颖电子,2012-06-13,128000000,32000000,,,,0,0,华东,上海,上海市,C 制造业,www.sinowealth.com
300328,宜安科技,东莞宜安科技股份有限公司,"Dongguan Eontec Co.,Ltd.",广东省东莞市清溪镇银泉工业区,300328,宜安科技,2012-06-19,112000000,28000000,,,,0,0,华南,广东,东莞市,C 制造业,www.e-ande.com
300329,海伦钢琴,海伦钢琴股份有限公司,"HAILUN PIANO CO.,LTD.",浙江省宁波市北仑区普陀山路8号,300329,海伦钢琴,2012-06-19,133980000,33540000,,,,0,0,华东,浙江,宁波市,C 制造业,www.hailunpiano.com
300330,华虹计通,上海华虹计通智能系统股份有限公司,"SHANGHAI HUAHONGJT SMART SYSTEM CO.,LTD",上海市长宁区广顺路33号H栋3-4F,300330,华虹计通,2012-06-19,80000000,20000000,,,,0,0,华东,上海,上海市,I 信息技术,www.huahongjt.com
300331,苏大维格,苏州苏大维格光电科技股份有限公司,"SVG OPTRONICS CO.,LTD",江苏省苏州工业园区苏虹东路北钟南街478号,300331,苏大维格,2012-06-28,62000000,15500000,,,,0,0,华东,江苏,苏州市,C 制造业,www.svgoptronics.com
300332,天壕节能,天壕节能科技股份有限公司,"Top Resource Conservation Engineering Co.,Ltd.",北京市海淀区西直门北大街32号枫蓝国际中心2号楼906室,300332,天壕节能,2012-06-28,320000000,80000000,,,,0,0,华北,北京,北京市,M 科研服务,www.trce.com.cn
300333,兆日科技,深圳兆日科技股份有限公司,"Sinosun Technology Co.,Ltd.",广东省深圳市福田区车公庙泰然工业区213栋6层C座,300333,兆日科技,2012-06-28,112000000,28000000,,,,0,0,华南,广东,深圳市,I 信息技术,www.sinosun.com.cn
300334,津膜科技,天津膜天膜科技股份有限公司,"TIANJIN MOTIMO MEMBRANE TECHNOLOGY CO.,LTD.",天津市经济技术开发区第11大街60号,300334,津膜科技,2012-07-05,116000000,29000000,,,,0,0,华北,天津,天津市,C 制造业,www.motimo.com
300335,迪森股份,广州迪森热能技术股份有限公司,"Guangzhou Devotion Thermal Technology Co.,Ltd.",广东省广州市经济开发区东区东众路42号,300335,迪森股份,2012-07-10,209233251,52320000,,,,0,0,华南,广东,广州市,D 水电煤气,www.devotiongroup.com
300336,新文化,上海新文化传媒集团股份有限公司,"SHANGHAI NEW CULTURE MEDIA GROUP CO.,LTD.",上海市虹口区东江湾路444号北区238室,300336,新文化,2012-07-10,96000000,24000000,,,,0,0,华东,上海,上海市,R 文化传播,www.ncmedia.com.cn
300337,银邦股份,银邦金属复合材料股份有限公司,"Yinbang Clad Material Co.,Ltd.",江苏省无锡市新区鸿山街道后宅,300337,银邦股份,2012-07-18,186800000,46800000,,,,0,0,华东,江苏,无锡市,C 制造业,www.cn-yinbang.com
300338,开元仪器,长沙开元仪器股份有限公司,"Changsha Kaiyuan Instruments Co.,LTD",湖南省长沙市经济技术开发区开元路172号,300338,开元仪器,2012-07-26,90000000,22500000,,,,0,0,华中,湖南,长沙市,C 制造业,www.chs5e.com
300339,润和软件,江苏润和软件股份有限公司,"Jiangsu Hoperun Software Co., Ltd.",江苏省南京市雨花台区铁心桥工业园,300339,润和软件,2012-07-18,153480000,38380000,,,,0,0,华东,江苏,南京市,I 信息技术,www.hoperun.com
300340,科恒股份,江门市科恒实业股份有限公司,"Jiangmen Kanhoo Industry Co.,Ltd",广东省江门市江海区滘头滘兴南路22号,300340,科恒股份,2012-07-26,50000000,12500000,,,,0,0,华南,广东,江门市,C 制造业,www.keheng.com.cn
300341,麦迪电气,麦克奥迪（厦门）电气股份有限公司,"Motic (Xiamen) Electric Group Co.,Ltd",福建省厦门市火炬高新区(翔安)产业区舫山南路808号,300341,麦迪电气,2012-07-26,92000000,23000000,,,,0,0,华东,福建,厦门市,C 制造业,www.motic-electric.com
300342,天银机电,常熟市天银机电股份有限公司,"Changshu Tianyin Electromechanical Co.,Ltd.",江苏省苏州市常熟碧溪新区迎宾路8号,300342,天银机电,2012-07-26,100000000,25000000,,,,0,0,华东,江苏,苏州市,C 制造业,www.tyjd.cc
300343,联创节能,山东联创节能新材料股份有限公司,"Lecron Energy Saving Material Co.,LTD.",山东省淄博市张店区经济开发区创业路南段,300343,联创节能,2012-08-01,40000000,10000000,,,,0,0,华东,山东,淄博市,C 制造业,www.lecron.cn
300344,太空板业,北京太空板业股份有限公司,Beijing Taikong Panel Industry Corp.,北京市丰台区桥南产业基地6号C04监测楼,300344,太空板业,2012-08-01,100520000,25130000,,,,0,0,华北,北京,北京市,C 制造业,www.taikong.cn
300345,红宇新材,湖南红宇耐磨新材料股份有限公司,"HONYU WEAR-RESISTANT NEW MATERIALS CO.,LTD.",湖南省长沙市金洲新区金沙西路068号,300345,红宇新材,2012-08-01,96000000,24000000,,,,0,0,华中,湖南,长沙市,C 制造业,www.zghyu.com
300346,南大光电,江苏南大光电材料股份有限公司,"Jiangsu Nata Opto-electronic Material Co.,LTD",江苏省苏州工业园区翠薇街9号月亮湾国际中心7楼,300346,南大光电,2012-08-07,100540000,25140000,,,,0,0,华东,江苏,苏州市,C 制造业,www.natachem.com
300347,泰格医药,杭州泰格医药科技股份有限公司,"Hangzhou Tigermed Consulting Co.,Ltd.",浙江省杭州市滨江区南环路3760号17层1701-A室,300347,泰格医药,2012-08-17,106800000,26798000,,,,0,0,华东,浙江,杭州市,M 科研服务,www.tigermed.net
300348,长亮科技,深圳市长亮科技股份有限公司,"Shenzhen Sunline Tech Co.,Ltd.",广东省深圳市南山区高新技术产业园区深圳软件园7栋501、502,300348,长亮科技,2012-08-17,51700000,13000000,,,,0,0,华南,广东,深圳市,I 信息技术,www.sunline.cn
300349,金卡股份,金卡高科技股份有限公司,"GOLDCARD HIGH-TECH CO.,LTD",浙江省乐清经济开发区纬十七路261号,300349,金卡股份,2012-08-17,90000000,22500000,,,,0,0,华东,浙江,温州市,C 制造业,www.china-goldcard.com
300350,华鹏飞,深圳市华鹏飞现代物流股份有限公司,"Shenzhen Huapengfei Modern Logistics Co.,Ltd.",广东省深圳市福田区八卦岭八卦路众鑫科技大厦第12层（大厦自编号1306#）,300350,华鹏飞,2012-08-21,86670000,21670000,,,,0,0,华南,广东,深圳市,G 运输仓储,www.huapengfei.com
300351,永贵电器,浙江永贵电器股份有限公司,"Zhejiang Yonggui Electric Equipment Co.,LTD.",浙江省台州市天台县高新技术产业园区,300351,永贵电器,2012-09-20,102180000,26000000,,,,0,0,华东,浙江,台州市,C 制造业,www.yonggui.com
300352,北信源,北京北信源软件股份有限公司,Beijing VRV Software Corporation Limited.,北京市海淀区中关村南大街34号中关村科技发展大厦C座1602室,300352,北信源,2012-09-12,133400000,33400000,,,,0,0,华北,北京,北京市,I 信息技术,www.vrv.com.cn
300353,东土科技,北京东土科技股份有限公司,"Kyland Technology Co.,Ltd.",北京市石景山区中关村科技园区石景山园实兴东街18号崇新创意大厦2层,300353,东土科技,2012-09-27,53512800,13400000,,,,0,0,华北,北京,北京市,C 制造业,www.kyland.com.cn
300354,东华测试,江苏东华测试技术股份有限公司,"DongHua Testing Technology Co.,Ltd.",江苏省靖江市沿江公路罗家港桥东北侧4幢,300354,东华测试,2012-09-20,66524136,16635000,,,,0,0,华东,江苏,泰州市,C 制造业,www.dhtest.com
300355,蒙草抗旱,内蒙古和信园蒙草抗旱绿化股份有限公司,"Inner Mongolia Hotision&Monsod Drought Resistance Greening Co,Ltd",内蒙古自治区呼和浩特市盛乐经济园区盛乐五街南侧,300355,蒙草抗旱,2012-09-27,205465500,51540000,,,,0,0,华北,内蒙古,呼和浩特市,E 建筑业,www.nmhxy.com
300356,光一科技,光一科技股份有限公司,"EleFirst Science & Tech Co.,Ltd",江苏省南京市江宁经济技术开发区胜太路88号,300356,光一科技,2012-10-09,130005000,32505000,,,,0,0,华东,江苏,南京市,C 制造业,www.elefirst.com
